username,password,phone
perftest001,Test1234,13800000001
perftest002,Test1234,13800000002
perftest003,Test1234,13800000003
perftest004,Test1234,13800000004
perftest005,Test1234,13800000005
perftest006,Test1234,13800000006
perftest007,Test1234,13800000007
perftest008,Test1234,13800000008
perftest009,Test1234,13800000009
perftest010,Test1234,13800000010
perftest011,Test1234,13800000011
perftest012,Test1234,13800000012
perftest013,Test1234,13800000013
perftest014,Test1234,13800000014
perftest015,Test1234,13800000015
perftest016,Test1234,13800000016
perftest017,Test1234,13800000017
perftest018,Test1234,13800000018
perftest019,Test1234,13800000019
perftest020,Test1234,13800000020
