1,eyJhbGciOiJIUzM4NCJ9.eyJzdWIiOiIyMCIsInJvbGUiOjEsImlhdCI6MTc4NDczMjM5NCwiZXhwIjoxNzg0ODE4Nzk0fQ.106oGY9wKkY4va4xEnmKdKbcU0ol71_zFho5bEsVLq-4FMjzLavuuKr5cpgzJNQ7,WATCH
2,eyJhbGciOiJIUzM4NCJ9.eyJzdWIiOiIyMSIsInJvbGUiOjEsImlhdCI6MTc4NDczMjM5NCwiZXhwIjoxNzg0ODE4Nzk0fQ.UfDEAq7TumiiplFafUTeFHTNLdksjFZVt5mP0WcwGdJqOKWb_1wgKllaYeNzNhEc,WATCH
3,eyJhbGciOiJIUzM4NCJ9.eyJzdWIiOiIyMiIsInJvbGUiOjEsImlhdCI6MTc4NDczMjM5NCwiZXhwIjoxNzg0ODE4Nzk0fQ.usd67KDRGaz-R4lu2_zuj6OO32xOA7NT0lRz9Qml6UM4ncLRsi0hjBZFCoSO4Bk_,WATCH
4,eyJhbGciOiJIUzM4NCJ9.eyJzdWIiOiIyMyIsInJvbGUiOjEsImlhdCI6MTc4NDczMjM5NCwiZXhwIjoxNzg0ODE4Nzk0fQ.K6uF5xkKwTa8ogilsakKLQ4d14qI_jsy7L5_kJQZGPnyHbGrwBgQoVy0q7QF66WQ,WATCH
5,eyJhbGciOiJIUzM4NCJ9.eyJzdWIiOiIyNCIsInJvbGUiOjEsImlhdCI6MTc4NDczMjM5NCwiZXhwIjoxNzg0ODE4Nzk0fQ.9keG50DXU3E2Ovdt05yWgi9hDITWop4MQSJ-DFxsX6tFX-6BdU8diikZb04Iv7OA,WATCH
6,eyJhbGciOiJIUzM4NCJ9.eyJzdWIiOiIyNSIsInJvbGUiOjEsImlhdCI6MTc4NDczMjM5NCwiZXhwIjoxNzg0ODE4Nzk0fQ.ALlpsN3MKw5pbcvl_tSie6YUf58B1kj4ulZs4E56xX2Wu2KYRhmVag7NR9VGA43j,LIKE
7,eyJhbGciOiJIUzM4NCJ9.eyJzdWIiOiIyNiIsInJvbGUiOjEsImlhdCI6MTc4NDczMjM5NCwiZXhwIjoxNzg0ODE4Nzk0fQ.5V0jhJevAH0PSB_0LnXcCJll55GCCp2Q6De4lQX6gwNU4Y2RmOUp-3eKAVAzsf_i,WATCH
8,eyJhbGciOiJIUzM4NCJ9.eyJzdWIiOiIyNyIsInJvbGUiOjEsImlhdCI6MTc4NDczMjM5NCwiZXhwIjoxNzg0ODE4Nzk0fQ.c-BV17EXdOTPe1mssLfFj5-_pkprH7H8-j3MbfuG28SxmAyoSpePpQrfe1uXJGYF,WATCH
9,eyJhbGciOiJIUzM4NCJ9.eyJzdWIiOiIyOCIsInJvbGUiOjEsImlhdCI6MTc4NDczMjM5NCwiZXhwIjoxNzg0ODE4Nzk0fQ.3Gv3r5LkVbvQcfK2RA0-_ao3ddKsV6AThzt61yVylR6o2RuHY3P59coJtis1ZLdu,LIKE
10,eyJhbGciOiJIUzM4NCJ9.eyJzdWIiOiIyOSIsInJvbGUiOjEsImlhdCI6MTc4NDczMjM5NCwiZXhwIjoxNzg0ODE4Nzk0fQ.EKzb93K-7aSQ3HrlRFUkQyIDHdSYgjFKBFGhmtCcPgZCDF6qivU9umDXaDbcxtV1,GIFT
11,eyJhbGciOiJIUzM4NCJ9.eyJzdWIiOiIzMCIsInJvbGUiOjEsImlhdCI6MTc4NDczMjM5NCwiZXhwIjoxNzg0ODE4Nzk0fQ.LCmTslY2lfi2FMsKuFlRhBU22KlMqrVg9Q-37KU46o-9H7NRjSrLCncMjprfOWyn,WATCH
12,eyJhbGciOiJIUzM4NCJ9.eyJzdWIiOiIzMSIsInJvbGUiOjEsImlhdCI6MTc4NDczMjM5NSwiZXhwIjoxNzg0ODE4Nzk1fQ.izRPGRO390GEldtFy3MSSHrlNAPfRb_bBPC5uPh1jIuRgUcbNLhEwkIEk_XaEkvy,WATCH
13,eyJhbGciOiJIUzM4NCJ9.eyJzdWIiOiIzMiIsInJvbGUiOjEsImlhdCI6MTc4NDczMjM5NSwiZXhwIjoxNzg0ODE4Nzk1fQ.a5ecqMh3u_Js9wY9V9jXdpofoH3jdWlg2F84XdLmHGQ0YBpIXp5rZp2xGCK-hK1n,LIKE
14,eyJhbGciOiJIUzM4NCJ9.eyJzdWIiOiIzMyIsInJvbGUiOjEsImlhdCI6MTc4NDczMjM5NSwiZXhwIjoxNzg0ODE4Nzk1fQ.Qq_r3JSt9Z_tukUEbGQu6yiMMEoay68q5I13-q5-a1buhxSGZT0thj_TKnzhdgpC,WATCH
15,eyJhbGciOiJIUzM4NCJ9.eyJzdWIiOiIzNCIsInJvbGUiOjEsImlhdCI6MTc4NDczMjM5NSwiZXhwIjoxNzg0ODE4Nzk1fQ.4Mep95tUCV9Se4fQGSon4nD8xSBQLxAXmgKCM-ZG76BCdlEouPX_4xjdIoZkElni,WATCH
16,eyJhbGciOiJIUzM4NCJ9.eyJzdWIiOiIzNSIsInJvbGUiOjEsImlhdCI6MTc4NDczMjM5NSwiZXhwIjoxNzg0ODE4Nzk1fQ.Es5524u3sU8HbBeOo1j2kLime4NUw6UH3_csjNOrOCtieIoap3sFGR_EqgGnt-ni,LIKE
17,eyJhbGciOiJIUzM4NCJ9.eyJzdWIiOiIzNiIsInJvbGUiOjEsImlhdCI6MTc4NDczMjM5NSwiZXhwIjoxNzg0ODE4Nzk1fQ.xVtIE3sHMUj8VPI8AS655vf3wD9VNb7UqF1iynModck6a2_BJ2Xf9Xgg85ab0aHb,WATCH
18,eyJhbGciOiJIUzM4NCJ9.eyJzdWIiOiIzNyIsInJvbGUiOjEsImlhdCI6MTc4NDczMjM5NSwiZXhwIjoxNzg0ODE4Nzk1fQ.rHdRlHjtLBYM2udVLQH-X79dZzWoTUEPK45SdsdoWVq_aeaJXTUlCeDzfNVztjFm,WATCH
19,eyJhbGciOiJIUzM4NCJ9.eyJzdWIiOiIzOCIsInJvbGUiOjEsImlhdCI6MTc4NDczMjM5NSwiZXhwIjoxNzg0ODE4Nzk1fQ.XZSM-t9xXaPWMfJffwV5LvvCHtJhv0Rf0alfhqGfNBvbk7DVvrutgSQpXYkbfbMS,WATCH
20,eyJhbGciOiJIUzM4NCJ9.eyJzdWIiOiIzOSIsInJvbGUiOjEsImlhdCI6MTc4NDczMjM5NSwiZXhwIjoxNzg0ODE4Nzk1fQ.H1yDZ6DGQJKvbxrgO-PzA3sB9c4ahysEm3g4Rt6lPLqb9SLDFqW_38YkhVHevDl_,WATCH
21,eyJhbGciOiJIUzM4NCJ9.eyJzdWIiOiI0MCIsInJvbGUiOjEsImlhdCI6MTc4NDczMjM5NSwiZXhwIjoxNzg0ODE4Nzk1fQ.IW9Q-tML5q9XJag9GzfeEK01GDP4DG32U5GNjH5hAM35byUPVOhmqggd_GWpoKGv,WATCH
22,eyJhbGciOiJIUzM4NCJ9.eyJzdWIiOiI0MSIsInJvbGUiOjEsImlhdCI6MTc4NDczMjM5NSwiZXhwIjoxNzg0ODE4Nzk1fQ.N_gcLHk5J9x1-LYK2YNl_dAiJu60Z6v6QcmMWXCyCTKHlVaCKyW_h83ICqR8GL5H,WATCH
23,eyJhbGciOiJIUzM4NCJ9.eyJzdWIiOiI0MiIsInJvbGUiOjEsImlhdCI6MTc4NDczMjM5NSwiZXhwIjoxNzg0ODE4Nzk1fQ.B4ZCqpGmHNnD_JfB8NLGeijEJI2-akhq8530_In9N4zwKdREAxw2aa1YWGqZ7nya,WATCH
24,eyJhbGciOiJIUzM4NCJ9.eyJzdWIiOiI0MyIsInJvbGUiOjEsImlhdCI6MTc4NDczMjM5NiwiZXhwIjoxNzg0ODE4Nzk2fQ.MODE9CRF5tJLKfJm7ESK1c6uLJLiOfoV2URZL4UssyWYqgUJTFSjdUSGzl1PqHcC,WATCH
25,eyJhbGciOiJIUzM4NCJ9.eyJzdWIiOiI0NCIsInJvbGUiOjEsImlhdCI6MTc4NDczMjM5NiwiZXhwIjoxNzg0ODE4Nzk2fQ.x_IWmh7Zz6WpjgWtTgzu-bfSdDr-3hOz8DE4Lq-_ShM9lYPD_oDvJJqqFid-lh64,WATCH
26,eyJhbGciOiJIUzM4NCJ9.eyJzdWIiOiI0NSIsInJvbGUiOjEsImlhdCI6MTc4NDczMjM5NiwiZXhwIjoxNzg0ODE4Nzk2fQ.g1LC6oKEWn7Rp3uDpLTHaiPmDMDigfns2lGfrsgkA3PeTi7imUXre9Xo1cJ73tn2,WATCH
27,eyJhbGciOiJIUzM4NCJ9.eyJzdWIiOiI0NiIsInJvbGUiOjEsImlhdCI6MTc4NDczMjM5NiwiZXhwIjoxNzg0ODE4Nzk2fQ.5hmTjSFLRw578z709K5ftKYXnE1WS1exrGiRq_i41HtDSdAqPj7lQj4bUSBmkim9,WATCH
28,eyJhbGciOiJIUzM4NCJ9.eyJzdWIiOiI0NyIsInJvbGUiOjEsImlhdCI6MTc4NDczMjM5NiwiZXhwIjoxNzg0ODE4Nzk2fQ._GwikTgcMUicE1NFTK9HFiEI0b-TEovxbzEHZZByDgPCPhnGjCzq35lofwpFNgCR,LIKE
29,eyJhbGciOiJIUzM4NCJ9.eyJzdWIiOiI0OCIsInJvbGUiOjEsImlhdCI6MTc4NDczMjM5NiwiZXhwIjoxNzg0ODE4Nzk2fQ.oVV6KkaWu0gA0ZikYRdwKv1Y2wdXLHezmco3365lqH6njR1RNGpaqw-arpPXFmT1,LIKE
30,eyJhbGciOiJIUzM4NCJ9.eyJzdWIiOiI0OSIsInJvbGUiOjEsImlhdCI6MTc4NDczMjM5NiwiZXhwIjoxNzg0ODE4Nzk2fQ.tKERx3_0hx1hnf3VBE_623IKKzacGXGtUOvz5QmeE6-pzvMcEmx2o-rhPW1N-wnK,WATCH
31,eyJhbGciOiJIUzM4NCJ9.eyJzdWIiOiI1MCIsInJvbGUiOjEsImlhdCI6MTc4NDczMjM5NiwiZXhwIjoxNzg0ODE4Nzk2fQ.oKrmvZrknqhPGO2N7LDEsIgFFJnouq9H57VU4HLyJvhuFl-3-IQ2_Zqro5HrxSYi,LIKE
32,eyJhbGciOiJIUzM4NCJ9.eyJzdWIiOiI1MSIsInJvbGUiOjEsImlhdCI6MTc4NDczMjM5NiwiZXhwIjoxNzg0ODE4Nzk2fQ.gXMhbjPUhbroFJiJMWwqD72x0HMCGh22Pkss9rpDK5JsbbUWePj9wy54qd6rCDvH,WATCH
33,eyJhbGciOiJIUzM4NCJ9.eyJzdWIiOiI1MiIsInJvbGUiOjEsImlhdCI6MTc4NDczMjM5NiwiZXhwIjoxNzg0ODE4Nzk2fQ.b0GFoJqkxg96UVSmvudBQdvFTv5g9ffD7u46R4hA5a33yFaRDZoeaD02qqhURd2_,WATCH
34,eyJhbGciOiJIUzM4NCJ9.eyJzdWIiOiI1MyIsInJvbGUiOjEsImlhdCI6MTc4NDczMjM5NiwiZXhwIjoxNzg0ODE4Nzk2fQ.dhMgmXZrpjA2ACXQYhZ5IjyFY2AJAqFIOGw4sm45bZ9rNbLbnZBcBp5Oi4LxjZUu,WATCH
35,eyJhbGciOiJIUzM4NCJ9.eyJzdWIiOiI1NCIsInJvbGUiOjEsImlhdCI6MTc4NDczMjM5NiwiZXhwIjoxNzg0ODE4Nzk2fQ.41eb_xfyxu8PXUrhUtMOTCm0uq8n2tjnVpo7ySCiBMafKwjX12iaiMJMDI189dfi,WATCH
36,eyJhbGciOiJIUzM4NCJ9.eyJzdWIiOiI1NSIsInJvbGUiOjEsImlhdCI6MTc4NDczMjM5NiwiZXhwIjoxNzg0ODE4Nzk2fQ.4ahezYtkptJutm-MlpgAdz0yhxLTBcesltuZTW_hDvRWCwpv_CJ_t3tw1645GJJv,WATCH
37,eyJhbGciOiJIUzM4NCJ9.eyJzdWIiOiI1NiIsInJvbGUiOjEsImlhdCI6MTc4NDczMjM5NywiZXhwIjoxNzg0ODE4Nzk3fQ.CPK2lhRZXhpr8rSovh8ru2ho9Vn9KLgrQHPWWylqj_uJISHgvLgofCDd-ZxjIaij,LIKE
38,eyJhbGciOiJIUzM4NCJ9.eyJzdWIiOiI1NyIsInJvbGUiOjEsImlhdCI6MTc4NDczMjM5NywiZXhwIjoxNzg0ODE4Nzk3fQ.tbIGWcO9_vFRLaKVYHuiyRQjMkYGH7Wvlk7-V8Wcd3Jl-JOGTxDoGVbtNeIkJM9J,WATCH
39,eyJhbGciOiJIUzM4NCJ9.eyJzdWIiOiI1OCIsInJvbGUiOjEsImlhdCI6MTc4NDczMjM5NywiZXhwIjoxNzg0ODE4Nzk3fQ.jnDO2zvXm9pio2cHYGkVwVAanRKlPPgCLxE3lq2gc58on0IV85TnbMn3pm_u_RXi,WATCH
40,eyJhbGciOiJIUzM4NCJ9.eyJzdWIiOiI1OSIsInJvbGUiOjEsImlhdCI6MTc4NDczMjM5NywiZXhwIjoxNzg0ODE4Nzk3fQ.yv39v8gdrit50X1RlMwh2st4kkysrv4e9-be6xYzqsOiCe3ouorp5PvMHvqqn4I2,LIKE
41,eyJhbGciOiJIUzM4NCJ9.eyJzdWIiOiI2MCIsInJvbGUiOjEsImlhdCI6MTc4NDczMjM5NywiZXhwIjoxNzg0ODE4Nzk3fQ.5nGgvjnofjBsCfXm7EKVDpWHFyD_khTu4LX9wRQawXZgMfnqD1HP-RoUfqCfxuDt,WATCH
42,eyJhbGciOiJIUzM4NCJ9.eyJzdWIiOiI2MSIsInJvbGUiOjEsImlhdCI6MTc4NDczMjM5NywiZXhwIjoxNzg0ODE4Nzk3fQ.FoJi-amlxIcueLxY815TJoh9ZvZYxD7edaiZzceXIuwo2Lx2DyB9KX8L1Z8RwWC1,WATCH
43,eyJhbGciOiJIUzM4NCJ9.eyJzdWIiOiI2MiIsInJvbGUiOjEsImlhdCI6MTc4NDczMjM5NywiZXhwIjoxNzg0ODE4Nzk3fQ.N36JNMJsCYjp6jZU5LBaH9gSY4xcZYCbDyeRj6wVAVocxsnsjBCm_aHAe3RoLNzn,LIKE
44,eyJhbGciOiJIUzM4NCJ9.eyJzdWIiOiI2MyIsInJvbGUiOjEsImlhdCI6MTc4NDczMjM5NywiZXhwIjoxNzg0ODE4Nzk3fQ.bR5gThYpOc1zD-_Hshvuq9PUO_mn3uOzRDqn0tBtoAKbDu9Sa01jrX9wlPW0DAoo,GIFT
45,eyJhbGciOiJIUzM4NCJ9.eyJzdWIiOiI2NCIsInJvbGUiOjEsImlhdCI6MTc4NDczMjM5NywiZXhwIjoxNzg0ODE4Nzk3fQ.xwA3ncMm6aWz119NT_k0niCv19gcR-pOEJYGQZ8PmfUKt6NXLviMduw9KcCbBp6y,WATCH
46,eyJhbGciOiJIUzM4NCJ9.eyJzdWIiOiI2NSIsInJvbGUiOjEsImlhdCI6MTc4NDczMjM5NywiZXhwIjoxNzg0ODE4Nzk3fQ.tHLpIM1m9IxzkB3efz22hQIMADrSszTgWCgK2MBxo2-0tC8fBldeN1uXA59vwH67,WATCH
47,eyJhbGciOiJIUzM4NCJ9.eyJzdWIiOiI2NiIsInJvbGUiOjEsImlhdCI6MTc4NDczMjM5NywiZXhwIjoxNzg0ODE4Nzk3fQ.2sR-is1uxxoA1g877Yk4ONLbmta7u9UYXkWThQK6Lq96WXd_9qY3MlZRTMuw_Xs5,WATCH
48,eyJhbGciOiJIUzM4NCJ9.eyJzdWIiOiI2NyIsInJvbGUiOjEsImlhdCI6MTc4NDczMjM5NywiZXhwIjoxNzg0ODE4Nzk3fQ.3AeDBZaAiSsSwkuyS33hH6Spp4YfyDcdDUpx6xC4HsuYVxX8HY6bSWqhyXAKfL5h,WATCH
49,eyJhbGciOiJIUzM4NCJ9.eyJzdWIiOiI2OCIsInJvbGUiOjEsImlhdCI6MTc4NDczMjM5OCwiZXhwIjoxNzg0ODE4Nzk4fQ.tKu04NtwmIwSX6bC_lYcPe5oMyIQUJjp-hWWz0D0NLYfIruFeGxsdmE3uAIcUkdY,WATCH
50,eyJhbGciOiJIUzM4NCJ9.eyJzdWIiOiI2OSIsInJvbGUiOjEsImlhdCI6MTc4NDczMjM5OCwiZXhwIjoxNzg0ODE4Nzk4fQ.YxXGst2-KmTU3Fb920j_7UejhsG2EEPjByYzeeRbMEZexHv6pCoq0ryBqcdLQ9B8,LIKE
51,eyJhbGciOiJIUzM4NCJ9.eyJzdWIiOiI3MCIsInJvbGUiOjEsImlhdCI6MTc4NDczMjM5OCwiZXhwIjoxNzg0ODE4Nzk4fQ.F8gDTGy1DBCAV8jP-8ygBTIii4rRw8bb-wfcynOHa2ACnfi9uTiVFE2m6e_JqDUB,WATCH
52,eyJhbGciOiJIUzM4NCJ9.eyJzdWIiOiI3MSIsInJvbGUiOjEsImlhdCI6MTc4NDczMjM5OCwiZXhwIjoxNzg0ODE4Nzk4fQ.FuuRx7thujX0B_-Pjha7nq8F0tUZiM3LjxF_C0P0vZ1u_hTJ6IfcCyareRwpk80a,WATCH
53,eyJhbGciOiJIUzM4NCJ9.eyJzdWIiOiI3MiIsInJvbGUiOjEsImlhdCI6MTc4NDczMjM5OCwiZXhwIjoxNzg0ODE4Nzk4fQ.tfcfBP46vCfhBIOK5IZkiGF1i5MXeLKbHC22r19v-meEAqpdZH0DpomOL1WXRkOa,WATCH
54,eyJhbGciOiJIUzM4NCJ9.eyJzdWIiOiI3MyIsInJvbGUiOjEsImlhdCI6MTc4NDczMjM5OCwiZXhwIjoxNzg0ODE4Nzk4fQ.eCr18Dh9lljVHb24mQC8_fKm4t2ehKCSZ3e0_QXCISlUUUzICYwjWjzQYDMR6sUZ,WATCH
55,eyJhbGciOiJIUzM4NCJ9.eyJzdWIiOiI3NCIsInJvbGUiOjEsImlhdCI6MTc4NDczMjM5OCwiZXhwIjoxNzg0ODE4Nzk4fQ.ngWv6x7VCME0PPZehoG5mwYL25IIgVTzyW-LQc5aht73__mFioOGTBRT0-P7ofCh,GIFT
56,eyJhbGciOiJIUzM4NCJ9.eyJzdWIiOiI3NSIsInJvbGUiOjEsImlhdCI6MTc4NDczMjM5OCwiZXhwIjoxNzg0ODE4Nzk4fQ.lT1UB0P4qz_v9t25YHsJ7qemFIXmD6BIVZAQv5hNkk-Y8OGAqTQDYeJw7T5Su8fW,WATCH
57,eyJhbGciOiJIUzM4NCJ9.eyJzdWIiOiI3NiIsInJvbGUiOjEsImlhdCI6MTc4NDczMjM5OCwiZXhwIjoxNzg0ODE4Nzk4fQ.TWZfjuGjfCm9QWGLVQJvxqQiUEsrfB6IwZJ2VKKlDRLWo7STVgbEU104PRBMX6Ju,WATCH
58,eyJhbGciOiJIUzM4NCJ9.eyJzdWIiOiI3NyIsInJvbGUiOjEsImlhdCI6MTc4NDczMjM5OCwiZXhwIjoxNzg0ODE4Nzk4fQ.etfhYzdJ2Yn0vJhGnlzfCIkt58SaeHddgmlbTCpPPn0RIhFqPtjkA31FBOTsmr7Q,GIFT
59,eyJhbGciOiJIUzM4NCJ9.eyJzdWIiOiI3OCIsInJvbGUiOjEsImlhdCI6MTc4NDczMjM5OCwiZXhwIjoxNzg0ODE4Nzk4fQ.d36NPsyZTKcZ68_j3xVcg_HrUpHSHgvhbX_PTXXEjTpSj5k01-cHidmTa4_6VXhR,WATCH
60,eyJhbGciOiJIUzM4NCJ9.eyJzdWIiOiI3OSIsInJvbGUiOjEsImlhdCI6MTc4NDczMjM5OCwiZXhwIjoxNzg0ODE4Nzk4fQ.p7ooQrJnB6cyB-H_mhMRcDUQccjhVnF5Ooc1ldtDGXK2AYN4w6ZyUk1G6fX3XeV5,LIKE
61,eyJhbGciOiJIUzM4NCJ9.eyJzdWIiOiI4MCIsInJvbGUiOjEsImlhdCI6MTc4NDczMjM5OCwiZXhwIjoxNzg0ODE4Nzk4fQ.6a9D2KSEz70C_lZfmmxhXUBP0d_xmKeJzNuGl45BTClaxKqV1yRy2L6fdLeaoo-G,WATCH
62,eyJhbGciOiJIUzM4NCJ9.eyJzdWIiOiI4MSIsInJvbGUiOjEsImlhdCI6MTc4NDczMjM5OSwiZXhwIjoxNzg0ODE4Nzk5fQ.CERpJ9B__VNQcjC4e9RW9Hu8PicA5eXowo42XpKRPZhoDqQMb_5OfOt6BsN5igvm,WATCH
63,eyJhbGciOiJIUzM4NCJ9.eyJzdWIiOiI4MiIsInJvbGUiOjEsImlhdCI6MTc4NDczMjM5OSwiZXhwIjoxNzg0ODE4Nzk5fQ.FWWP1SBwrTcmG4OLdj4zQvfLpAFW69QUH3aYVtokQGSGR3vr_Rq80_Jg-OaLMRtb,WATCH
64,eyJhbGciOiJIUzM4NCJ9.eyJzdWIiOiI4MyIsInJvbGUiOjEsImlhdCI6MTc4NDczMjM5OSwiZXhwIjoxNzg0ODE4Nzk5fQ.ggQsYZTtMai3rYqyM_rw1E2OdxegIeKuLGAgZ3VSrMY_3Ng8V7IL00TOV4ibGgGc,WATCH
65,eyJhbGciOiJIUzM4NCJ9.eyJzdWIiOiI4NCIsInJvbGUiOjEsImlhdCI6MTc4NDczMjM5OSwiZXhwIjoxNzg0ODE4Nzk5fQ.oBaxdaEhYBh36ikuqdDJrFnd787PS8S51NXiKsw83MHND1ambx6Zq5aCHYJM3xtY,WATCH
66,eyJhbGciOiJIUzM4NCJ9.eyJzdWIiOiI4NSIsInJvbGUiOjEsImlhdCI6MTc4NDczMjM5OSwiZXhwIjoxNzg0ODE4Nzk5fQ.8dIFORU7pm1xoJBjUREaKzcupoMSYVM5mNu5mzyG4CaHseHAOeNVN2kohy7UlGOh,WATCH
67,eyJhbGciOiJIUzM4NCJ9.eyJzdWIiOiI4NiIsInJvbGUiOjEsImlhdCI6MTc4NDczMjM5OSwiZXhwIjoxNzg0ODE4Nzk5fQ.E1VTCtiUa8_y_ZyIBLLEjaooWet0wN4ilB70mmuVX7YC49KLd26LJUgEzYUl_Q9f,WATCH
68,eyJhbGciOiJIUzM4NCJ9.eyJzdWIiOiI4NyIsInJvbGUiOjEsImlhdCI6MTc4NDczMjM5OSwiZXhwIjoxNzg0ODE4Nzk5fQ.K_ZMBHnbDaRE0xaTa5RQoTgfGLE25YqZLHlaTbFQQj8VCs5lTgusu8oJr5QqWPIR,WATCH
69,eyJhbGciOiJIUzM4NCJ9.eyJzdWIiOiI4OCIsInJvbGUiOjEsImlhdCI6MTc4NDczMjM5OSwiZXhwIjoxNzg0ODE4Nzk5fQ.VOYI5_NUswa27P0rNuCUKKWs--_kcmQaP3AdTtlnfIYhrQzU-1mr5w3uXW4--lkf,WATCH
70,eyJhbGciOiJIUzM4NCJ9.eyJzdWIiOiI4OSIsInJvbGUiOjEsImlhdCI6MTc4NDczMjM5OSwiZXhwIjoxNzg0ODE4Nzk5fQ.b1UzQhxvtHZcXvlVOr54uiXefNadCtQH5sc--eZi5_JaUwgRIkSnQhhu3ZGnjtSw,WATCH
71,eyJhbGciOiJIUzM4NCJ9.eyJzdWIiOiI5MCIsInJvbGUiOjEsImlhdCI6MTc4NDczMjM5OSwiZXhwIjoxNzg0ODE4Nzk5fQ.xqJHOOjYPch0h5hnt47BA0eEgqFFDi3Zq7Ki-8Nv45AMoybHNkgbTSyV3jpcM2-L,WATCH
72,eyJhbGciOiJIUzM4NCJ9.eyJzdWIiOiI5MSIsInJvbGUiOjEsImlhdCI6MTc4NDczMjM5OSwiZXhwIjoxNzg0ODE4Nzk5fQ.2Qm32S0eP860kwNPfRdA_sP1teZxIPHCGriIMeZBqimMnStxrbsPCO0ezpr06GFL,WATCH
73,eyJhbGciOiJIUzM4NCJ9.eyJzdWIiOiI5MiIsInJvbGUiOjEsImlhdCI6MTc4NDczMjM5OSwiZXhwIjoxNzg0ODE4Nzk5fQ.w4_rVTXuZCYj9pLT7ogUq1NFNkVm0um7fVRJX49565yNjJnKXPnbzgTu-SafgYYZ,WATCH
74,eyJhbGciOiJIUzM4NCJ9.eyJzdWIiOiI5MyIsInJvbGUiOjEsImlhdCI6MTc4NDczMjQwMCwiZXhwIjoxNzg0ODE4ODAwfQ.ghzik5ID9avoerNgkWmITauMs0u2II9wrDIObrq3hAbHx9Ko09cKz0PuSu7_VhAv,WATCH
75,eyJhbGciOiJIUzM4NCJ9.eyJzdWIiOiI5NCIsInJvbGUiOjEsImlhdCI6MTc4NDczMjQwMCwiZXhwIjoxNzg0ODE4ODAwfQ.SSumKSDREVAi0noUjX-sNOMJx07oTnbBLOwtaSxaB3TjrGn03y3U5klUheJE2WuC,WATCH
76,eyJhbGciOiJIUzM4NCJ9.eyJzdWIiOiI5NSIsInJvbGUiOjEsImlhdCI6MTc4NDczMjQwMCwiZXhwIjoxNzg0ODE4ODAwfQ.fMXN1X-TlSKmMdjhdrGWTkUV7nDQ1RU3xRp1ithzgW8hdeHc97ypiXZXYVtlo-2Z,WATCH
77,eyJhbGciOiJIUzM4NCJ9.eyJzdWIiOiI5NiIsInJvbGUiOjEsImlhdCI6MTc4NDczMjQwMCwiZXhwIjoxNzg0ODE4ODAwfQ.nZK82z3qWcuYttKtihKOIq0B8YjgsRR2bn6PgjoncdoJ9UjtEPT2fNuUgtwEu2Bf,LIKE
78,eyJhbGciOiJIUzM4NCJ9.eyJzdWIiOiI5NyIsInJvbGUiOjEsImlhdCI6MTc4NDczMjQwMCwiZXhwIjoxNzg0ODE4ODAwfQ.a1c3mhSP9s3Gneau0GNQ5u9-3_bAcGwUtSWyAQmskXbIDC-kcyUVs3_I2N3hj4WM,WATCH
79,eyJhbGciOiJIUzM4NCJ9.eyJzdWIiOiI5OCIsInJvbGUiOjEsImlhdCI6MTc4NDczMjQwMCwiZXhwIjoxNzg0ODE4ODAwfQ.XIBlKzlvAPbtybkAHM3gX-yLZ8xrup2mRDXJBVGd4OozYZo_0Rj42IdN_WODAbRo,GIFT
80,eyJhbGciOiJIUzM4NCJ9.eyJzdWIiOiI5OSIsInJvbGUiOjEsImlhdCI6MTc4NDczMjQwMCwiZXhwIjoxNzg0ODE4ODAwfQ.YOEQjeZSolU5UDITCWyiqcViSGIwacZyjzNxns_t2Qsiylg8IZ49W6rVVaoKL_Aa,WATCH
81,eyJhbGciOiJIUzM4NCJ9.eyJzdWIiOiIxMDAiLCJyb2xlIjoxLCJpYXQiOjE3ODQ3MzI0MDAsImV4cCI6MTc4NDgxODgwMH0.umEcUwFG2dNUOoGTG2k3QH8ZPkmUc3g_AkSPmCfu9sIGhvfKRl9kmBfIYifcgcMw,WATCH
82,eyJhbGciOiJIUzM4NCJ9.eyJzdWIiOiIxMDEiLCJyb2xlIjoxLCJpYXQiOjE3ODQ3MzI0MDAsImV4cCI6MTc4NDgxODgwMH0.0JdU97V5XgfZ0seG9CxJXR1tofL17he0KkRmOtc8_UynADU1V7xDdO0QJwWrMM4s,WATCH
83,eyJhbGciOiJIUzM4NCJ9.eyJzdWIiOiIxMDIiLCJyb2xlIjoxLCJpYXQiOjE3ODQ3MzI0MDAsImV4cCI6MTc4NDgxODgwMH0.zpuPOX1pNG7cGunbXHQ4AWt9mMDFv5VgSBILHGtsRL_3W3UEYK6LOYn8FGRgbHX5,WATCH
84,eyJhbGciOiJIUzM4NCJ9.eyJzdWIiOiIxMDMiLCJyb2xlIjoxLCJpYXQiOjE3ODQ3MzI0MDAsImV4cCI6MTc4NDgxODgwMH0.k2dU1L4p9sfnTcjJRiRCo8HAmDi_zwZFV6NsSgiCQt8tzPHXSwzBA3QWE4r1ij6C,GIFT
85,eyJhbGciOiJIUzM4NCJ9.eyJzdWIiOiIxMDQiLCJyb2xlIjoxLCJpYXQiOjE3ODQ3MzI0MDAsImV4cCI6MTc4NDgxODgwMH0.ffNs7fvRnhVJNQrgJfjiZI28pPlv2miQqBHBO7kyr3zE05jHHiXUbdhtEqh9I03F,WATCH
86,eyJhbGciOiJIUzM4NCJ9.eyJzdWIiOiIxMDUiLCJyb2xlIjoxLCJpYXQiOjE3ODQ3MzI0MDAsImV4cCI6MTc4NDgxODgwMH0.-E-zW_zwb-QBJu10UB2IvULA9JQfvcQP5mPsPeA702CKkF2tbMHMXxkC4OhFZGsp,GIFT
87,eyJhbGciOiJIUzM4NCJ9.eyJzdWIiOiIxMDYiLCJyb2xlIjoxLCJpYXQiOjE3ODQ3MzI0MDEsImV4cCI6MTc4NDgxODgwMX0.YETFh7TMyX_X4NN7zdlCPjwAQ20MoxFkYcO1mn-GtRk-my0ivpMlWRZR3G4vcSnu,LIKE
88,eyJhbGciOiJIUzM4NCJ9.eyJzdWIiOiIxMDciLCJyb2xlIjoxLCJpYXQiOjE3ODQ3MzI0MDEsImV4cCI6MTc4NDgxODgwMX0.eMZk_rr0rhAkXZCWWEPiMNZKjuK7PYmxWlhmQiHwo33ALU3MrMKnEliCRRPis7gU,WATCH
89,eyJhbGciOiJIUzM4NCJ9.eyJzdWIiOiIxMDgiLCJyb2xlIjoxLCJpYXQiOjE3ODQ3MzI0MDEsImV4cCI6MTc4NDgxODgwMX0.8504ilC1EbxPf99l6tMsimmw8ZkakOMbiL5-B81vGRUGvGpYgEj7pd1TgVZ6Dijt,WATCH
90,eyJhbGciOiJIUzM4NCJ9.eyJzdWIiOiIxMDkiLCJyb2xlIjoxLCJpYXQiOjE3ODQ3MzI0MDEsImV4cCI6MTc4NDgxODgwMX0._ZPrklOjx5SwRoqVzKeRyyfiCBVt3-PzuV4tDUNRGVcgLA_wdbpjhquRpmEJbmrj,WATCH
91,eyJhbGciOiJIUzM4NCJ9.eyJzdWIiOiIxMTAiLCJyb2xlIjoxLCJpYXQiOjE3ODQ3MzI0MDEsImV4cCI6MTc4NDgxODgwMX0.UVW0ciIyMH6q9d17wxLAihjm3rG-iTa8KFGP5yWnM91Ai0-FoxoNbURh9ujybw0p,LIKE
92,eyJhbGciOiJIUzM4NCJ9.eyJzdWIiOiIxMTEiLCJyb2xlIjoxLCJpYXQiOjE3ODQ3MzI0MDEsImV4cCI6MTc4NDgxODgwMX0.byNWlwaNmQyQWMo1UU-IBt9Blbg7YTCiB9sd0uWN_R-jGYmVM_XDO2WE-dCloVBS,WATCH
93,eyJhbGciOiJIUzM4NCJ9.eyJzdWIiOiIxMTIiLCJyb2xlIjoxLCJpYXQiOjE3ODQ3MzI0MDEsImV4cCI6MTc4NDgxODgwMX0._ImYTDOgg6wU4Ma7v4g07JCe-1Ddwa2qY0bDh56HTJXDzaaj7td4UhiRjQdFzZpT,WATCH
94,eyJhbGciOiJIUzM4NCJ9.eyJzdWIiOiIxMTMiLCJyb2xlIjoxLCJpYXQiOjE3ODQ3MzI0MDEsImV4cCI6MTc4NDgxODgwMX0.Q5LptIRaLiclU8mDFllekfc6HrWzj_bbIr9ZVNnDMJoEe8-s1DsLkFqouifnycjh,LIKE
95,eyJhbGciOiJIUzM4NCJ9.eyJzdWIiOiIxMTQiLCJyb2xlIjoxLCJpYXQiOjE3ODQ3MzI0MDEsImV4cCI6MTc4NDgxODgwMX0.8djmn-G6O954sOHEbmPIg59Nu6c6AtvVTCtlRa4juvEalDRHrc7zcMHrj3cWUb5o,LIKE
96,eyJhbGciOiJIUzM4NCJ9.eyJzdWIiOiIxMTUiLCJyb2xlIjoxLCJpYXQiOjE3ODQ3MzI0MDEsImV4cCI6MTc4NDgxODgwMX0.OyKrsXsjj-EyrRa7Fse-c9jCtLfLpNsVD4yICbn8LM1o0i8Av97vanNBKLuPYSZm,GIFT
97,eyJhbGciOiJIUzM4NCJ9.eyJzdWIiOiIxMTYiLCJyb2xlIjoxLCJpYXQiOjE3ODQ3MzI0MDEsImV4cCI6MTc4NDgxODgwMX0.5qDJl4TTQxJcXc3MhIoqtrtWQ3XKZLAuE9fKVwiXDPFuCLUPDTgX8SufuJ8wCMK1,LIKE
98,eyJhbGciOiJIUzM4NCJ9.eyJzdWIiOiIxMTciLCJyb2xlIjoxLCJpYXQiOjE3ODQ3MzI0MDEsImV4cCI6MTc4NDgxODgwMX0.Eia9ZFNettujl_uXImdGSim1gQbcEhVbzWkjBJF1gVnwu2Y5pcglna0hfFAELzEn,LIKE
99,eyJhbGciOiJIUzM4NCJ9.eyJzdWIiOiIxMTgiLCJyb2xlIjoxLCJpYXQiOjE3ODQ3MzI0MDIsImV4cCI6MTc4NDgxODgwMn0.TMNpQyFZfB6x1uqDvqGSIBUmz4bKMyo_mHIkjAPUM_NYVTHbn8HFHGhz8GRpb0xQ,LIKE
100,eyJhbGciOiJIUzM4NCJ9.eyJzdWIiOiIxMTkiLCJyb2xlIjoxLCJpYXQiOjE3ODQ3MzI0MDIsImV4cCI6MTc4NDgxODgwMn0.KgDjychU-R1APvcS0uDCRtRfQMrdFWFu4rH-ACx5ABrVKMhLrnMEfyeO0DovNOa6,WATCH
