jmuser1,Test1234,dev-001
jmuser2,Test1234,dev-002
jmuser3,Test1234,dev-003
jmuser4,Test1234,dev-004
jmuser5,Test1234,dev-005
jmuser6,Test1234,dev-006
jmuser7,Test1234,dev-007
jmuser8,Test1234,dev-008
jmuser9,Test1234,dev-009
jmuser10,Test1234,dev-010
jmuser11,Test1234,dev-011
jmuser12,Test1234,dev-012
jmuser13,Test1234,dev-013
jmuser14,Test1234,dev-014
jmuser15,Test1234,dev-015
jmuser16,Test1234,dev-016
jmuser17,Test1234,dev-017
jmuser18,Test1234,dev-018
jmuser19,Test1234,dev-019
jmuser20,Test1234,dev-020
jmuser21,Test1234,dev-021
jmuser22,Test1234,dev-022
jmuser23,Test1234,dev-023
jmuser24,Test1234,dev-024
jmuser25,Test1234,dev-025
jmuser26,Test1234,dev-026
jmuser27,Test1234,dev-027
jmuser28,Test1234,dev-028
jmuser29,Test1234,dev-029
jmuser30,Test1234,dev-030
jmuser31,Test1234,dev-031
jmuser32,Test1234,dev-032
jmuser33,Test1234,dev-033
jmuser34,Test1234,dev-034
jmuser35,Test1234,dev-035
jmuser36,Test1234,dev-036
jmuser37,Test1234,dev-037
jmuser38,Test1234,dev-038
jmuser39,Test1234,dev-039
jmuser40,Test1234,dev-040
jmuser41,Test1234,dev-041
jmuser42,Test1234,dev-042
jmuser43,Test1234,dev-043
jmuser44,Test1234,dev-044
jmuser45,Test1234,dev-045
jmuser46,Test1234,dev-046
jmuser47,Test1234,dev-047
jmuser48,Test1234,dev-048
jmuser49,Test1234,dev-049
jmuser50,Test1234,dev-050
jmuser51,Test1234,dev-051
jmuser52,Test1234,dev-052
jmuser53,Test1234,dev-053
jmuser54,Test1234,dev-054
jmuser55,Test1234,dev-055
jmuser56,Test1234,dev-056
jmuser57,Test1234,dev-057
jmuser58,Test1234,dev-058
jmuser59,Test1234,dev-059
jmuser60,Test1234,dev-060
jmuser61,Test1234,dev-061
jmuser62,Test1234,dev-062
jmuser63,Test1234,dev-063
jmuser64,Test1234,dev-064
jmuser65,Test1234,dev-065
jmuser66,Test1234,dev-066
jmuser67,Test1234,dev-067
jmuser68,Test1234,dev-068
jmuser69,Test1234,dev-069
jmuser70,Test1234,dev-070
jmuser71,Test1234,dev-071
jmuser72,Test1234,dev-072
jmuser73,Test1234,dev-073
jmuser74,Test1234,dev-074
jmuser75,Test1234,dev-075
jmuser76,Test1234,dev-076
jmuser77,Test1234,dev-077
jmuser78,Test1234,dev-078
jmuser79,Test1234,dev-079
jmuser80,Test1234,dev-080
jmuser81,Test1234,dev-081
jmuser82,Test1234,dev-082
jmuser83,Test1234,dev-083
jmuser84,Test1234,dev-084
jmuser85,Test1234,dev-085
jmuser86,Test1234,dev-086
jmuser87,Test1234,dev-087
jmuser88,Test1234,dev-088
jmuser89,Test1234,dev-089
jmuser90,Test1234,dev-090
jmuser91,Test1234,dev-091
jmuser92,Test1234,dev-092
jmuser93,Test1234,dev-093
jmuser94,Test1234,dev-094
jmuser95,Test1234,dev-095
jmuser96,Test1234,dev-096
jmuser97,Test1234,dev-097
jmuser98,Test1234,dev-098
jmuser99,Test1234,dev-099
jmuser100,Test1234,dev-100
jmuser101,Test1234,dev-101
jmuser102,Test1234,dev-102
jmuser103,Test1234,dev-103
jmuser104,Test1234,dev-104
jmuser105,Test1234,dev-105
jmuser106,Test1234,dev-106
jmuser107,Test1234,dev-107
jmuser108,Test1234,dev-108
jmuser109,Test1234,dev-109
jmuser110,Test1234,dev-110
jmuser111,Test1234,dev-111
jmuser112,Test1234,dev-112
jmuser113,Test1234,dev-113
jmuser114,Test1234,dev-114
jmuser115,Test1234,dev-115
jmuser116,Test1234,dev-116
jmuser117,Test1234,dev-117
jmuser118,Test1234,dev-118
jmuser119,Test1234,dev-119
jmuser120,Test1234,dev-120
jmuser121,Test1234,dev-121
jmuser122,Test1234,dev-122
jmuser123,Test1234,dev-123
jmuser124,Test1234,dev-124
jmuser125,Test1234,dev-125
jmuser126,Test1234,dev-126
jmuser127,Test1234,dev-127
jmuser128,Test1234,dev-128
jmuser129,Test1234,dev-129
jmuser130,Test1234,dev-130
jmuser131,Test1234,dev-131
jmuser132,Test1234,dev-132
jmuser133,Test1234,dev-133
jmuser134,Test1234,dev-134
jmuser135,Test1234,dev-135
jmuser136,Test1234,dev-136
jmuser137,Test1234,dev-137
jmuser138,Test1234,dev-138
jmuser139,Test1234,dev-139
jmuser140,Test1234,dev-140
jmuser141,Test1234,dev-141
jmuser142,Test1234,dev-142
jmuser143,Test1234,dev-143
jmuser144,Test1234,dev-144
jmuser145,Test1234,dev-145
jmuser146,Test1234,dev-146
jmuser147,Test1234,dev-147
jmuser148,Test1234,dev-148
jmuser149,Test1234,dev-149
jmuser150,Test1234,dev-150
jmuser151,Test1234,dev-151
jmuser152,Test1234,dev-152
jmuser153,Test1234,dev-153
jmuser154,Test1234,dev-154
jmuser155,Test1234,dev-155
jmuser156,Test1234,dev-156
jmuser157,Test1234,dev-157
jmuser158,Test1234,dev-158
jmuser159,Test1234,dev-159
jmuser160,Test1234,dev-160
jmuser161,Test1234,dev-161
jmuser162,Test1234,dev-162
jmuser163,Test1234,dev-163
jmuser164,Test1234,dev-164
jmuser165,Test1234,dev-165
jmuser166,Test1234,dev-166
jmuser167,Test1234,dev-167
jmuser168,Test1234,dev-168
jmuser169,Test1234,dev-169
jmuser170,Test1234,dev-170
jmuser171,Test1234,dev-171
jmuser172,Test1234,dev-172
jmuser173,Test1234,dev-173
jmuser174,Test1234,dev-174
jmuser175,Test1234,dev-175
jmuser176,Test1234,dev-176
jmuser177,Test1234,dev-177
jmuser178,Test1234,dev-178
jmuser179,Test1234,dev-179
jmuser180,Test1234,dev-180
jmuser181,Test1234,dev-181
jmuser182,Test1234,dev-182
jmuser183,Test1234,dev-183
jmuser184,Test1234,dev-184
jmuser185,Test1234,dev-185
jmuser186,Test1234,dev-186
jmuser187,Test1234,dev-187
jmuser188,Test1234,dev-188
jmuser189,Test1234,dev-189
jmuser190,Test1234,dev-190
jmuser191,Test1234,dev-191
jmuser192,Test1234,dev-192
jmuser193,Test1234,dev-193
jmuser194,Test1234,dev-194
jmuser195,Test1234,dev-195
jmuser196,Test1234,dev-196
jmuser197,Test1234,dev-197
jmuser198,Test1234,dev-198
jmuser199,Test1234,dev-199
jmuser200,Test1234,dev-200
jmuser201,Test1234,dev-201
jmuser202,Test1234,dev-202
jmuser203,Test1234,dev-203
jmuser204,Test1234,dev-204
jmuser205,Test1234,dev-205
jmuser206,Test1234,dev-206
jmuser207,Test1234,dev-207
jmuser208,Test1234,dev-208
jmuser209,Test1234,dev-209
jmuser210,Test1234,dev-210
jmuser211,Test1234,dev-211
jmuser212,Test1234,dev-212
jmuser213,Test1234,dev-213
jmuser214,Test1234,dev-214
jmuser215,Test1234,dev-215
jmuser216,Test1234,dev-216
jmuser217,Test1234,dev-217
jmuser218,Test1234,dev-218
jmuser219,Test1234,dev-219
jmuser220,Test1234,dev-220
jmuser221,Test1234,dev-221
jmuser222,Test1234,dev-222
jmuser223,Test1234,dev-223
jmuser224,Test1234,dev-224
jmuser225,Test1234,dev-225
jmuser226,Test1234,dev-226
jmuser227,Test1234,dev-227
jmuser228,Test1234,dev-228
jmuser229,Test1234,dev-229
jmuser230,Test1234,dev-230
jmuser231,Test1234,dev-231
jmuser232,Test1234,dev-232
jmuser233,Test1234,dev-233
jmuser234,Test1234,dev-234
jmuser235,Test1234,dev-235
jmuser236,Test1234,dev-236
jmuser237,Test1234,dev-237
jmuser238,Test1234,dev-238
jmuser239,Test1234,dev-239
jmuser240,Test1234,dev-240
jmuser241,Test1234,dev-241
jmuser242,Test1234,dev-242
jmuser243,Test1234,dev-243
jmuser244,Test1234,dev-244
jmuser245,Test1234,dev-245
jmuser246,Test1234,dev-246
jmuser247,Test1234,dev-247
jmuser248,Test1234,dev-248
jmuser249,Test1234,dev-249
jmuser250,Test1234,dev-250
jmuser251,Test1234,dev-251
jmuser252,Test1234,dev-252
jmuser253,Test1234,dev-253
jmuser254,Test1234,dev-254
jmuser255,Test1234,dev-255
jmuser256,Test1234,dev-256
jmuser257,Test1234,dev-257
jmuser258,Test1234,dev-258
jmuser259,Test1234,dev-259
jmuser260,Test1234,dev-260
jmuser261,Test1234,dev-261
jmuser262,Test1234,dev-262
jmuser263,Test1234,dev-263
jmuser264,Test1234,dev-264
jmuser265,Test1234,dev-265
jmuser266,Test1234,dev-266
jmuser267,Test1234,dev-267
jmuser268,Test1234,dev-268
jmuser269,Test1234,dev-269
jmuser270,Test1234,dev-270
jmuser271,Test1234,dev-271
jmuser272,Test1234,dev-272
jmuser273,Test1234,dev-273
jmuser274,Test1234,dev-274
jmuser275,Test1234,dev-275
jmuser276,Test1234,dev-276
jmuser277,Test1234,dev-277
jmuser278,Test1234,dev-278
jmuser279,Test1234,dev-279
jmuser280,Test1234,dev-280
jmuser281,Test1234,dev-281
jmuser282,Test1234,dev-282
jmuser283,Test1234,dev-283
jmuser284,Test1234,dev-284
jmuser285,Test1234,dev-285
jmuser286,Test1234,dev-286
jmuser287,Test1234,dev-287
jmuser288,Test1234,dev-288
jmuser289,Test1234,dev-289
jmuser290,Test1234,dev-290
jmuser291,Test1234,dev-291
jmuser292,Test1234,dev-292
jmuser293,Test1234,dev-293
jmuser294,Test1234,dev-294
jmuser295,Test1234,dev-295
jmuser296,Test1234,dev-296
jmuser297,Test1234,dev-297
jmuser298,Test1234,dev-298
jmuser299,Test1234,dev-299
jmuser300,Test1234,dev-300
jmuser301,Test1234,dev-301
jmuser302,Test1234,dev-302
jmuser303,Test1234,dev-303
jmuser304,Test1234,dev-304
jmuser305,Test1234,dev-305
jmuser306,Test1234,dev-306
jmuser307,Test1234,dev-307
jmuser308,Test1234,dev-308
jmuser309,Test1234,dev-309
jmuser310,Test1234,dev-310
jmuser311,Test1234,dev-311
jmuser312,Test1234,dev-312
jmuser313,Test1234,dev-313
jmuser314,Test1234,dev-314
jmuser315,Test1234,dev-315
jmuser316,Test1234,dev-316
jmuser317,Test1234,dev-317
jmuser318,Test1234,dev-318
jmuser319,Test1234,dev-319
jmuser320,Test1234,dev-320
jmuser321,Test1234,dev-321
jmuser322,Test1234,dev-322
jmuser323,Test1234,dev-323
jmuser324,Test1234,dev-324
jmuser325,Test1234,dev-325
jmuser326,Test1234,dev-326
jmuser327,Test1234,dev-327
jmuser328,Test1234,dev-328
jmuser329,Test1234,dev-329
jmuser330,Test1234,dev-330
jmuser331,Test1234,dev-331
jmuser332,Test1234,dev-332
jmuser333,Test1234,dev-333
jmuser334,Test1234,dev-334
jmuser335,Test1234,dev-335
jmuser336,Test1234,dev-336
jmuser337,Test1234,dev-337
jmuser338,Test1234,dev-338
jmuser339,Test1234,dev-339
jmuser340,Test1234,dev-340
jmuser341,Test1234,dev-341
jmuser342,Test1234,dev-342
jmuser343,Test1234,dev-343
jmuser344,Test1234,dev-344
jmuser345,Test1234,dev-345
jmuser346,Test1234,dev-346
jmuser347,Test1234,dev-347
jmuser348,Test1234,dev-348
jmuser349,Test1234,dev-349
jmuser350,Test1234,dev-350
jmuser351,Test1234,dev-351
jmuser352,Test1234,dev-352
jmuser353,Test1234,dev-353
jmuser354,Test1234,dev-354
jmuser355,Test1234,dev-355
jmuser356,Test1234,dev-356
jmuser357,Test1234,dev-357
jmuser358,Test1234,dev-358
jmuser359,Test1234,dev-359
jmuser360,Test1234,dev-360
jmuser361,Test1234,dev-361
jmuser362,Test1234,dev-362
jmuser363,Test1234,dev-363
jmuser364,Test1234,dev-364
jmuser365,Test1234,dev-365
jmuser366,Test1234,dev-366
jmuser367,Test1234,dev-367
jmuser368,Test1234,dev-368
jmuser369,Test1234,dev-369
jmuser370,Test1234,dev-370
jmuser371,Test1234,dev-371
jmuser372,Test1234,dev-372
jmuser373,Test1234,dev-373
jmuser374,Test1234,dev-374
jmuser375,Test1234,dev-375
jmuser376,Test1234,dev-376
jmuser377,Test1234,dev-377
jmuser378,Test1234,dev-378
jmuser379,Test1234,dev-379
jmuser380,Test1234,dev-380
jmuser381,Test1234,dev-381
jmuser382,Test1234,dev-382
jmuser383,Test1234,dev-383
jmuser384,Test1234,dev-384
jmuser385,Test1234,dev-385
jmuser386,Test1234,dev-386
jmuser387,Test1234,dev-387
jmuser388,Test1234,dev-388
jmuser389,Test1234,dev-389
jmuser390,Test1234,dev-390
jmuser391,Test1234,dev-391
jmuser392,Test1234,dev-392
jmuser393,Test1234,dev-393
jmuser394,Test1234,dev-394
jmuser395,Test1234,dev-395
jmuser396,Test1234,dev-396
jmuser397,Test1234,dev-397
jmuser398,Test1234,dev-398
jmuser399,Test1234,dev-399
jmuser400,Test1234,dev-400
jmuser401,Test1234,dev-401
jmuser402,Test1234,dev-402
jmuser403,Test1234,dev-403
jmuser404,Test1234,dev-404
jmuser405,Test1234,dev-405
jmuser406,Test1234,dev-406
jmuser407,Test1234,dev-407
jmuser408,Test1234,dev-408
jmuser409,Test1234,dev-409
jmuser410,Test1234,dev-410
jmuser411,Test1234,dev-411
jmuser412,Test1234,dev-412
jmuser413,Test1234,dev-413
jmuser414,Test1234,dev-414
jmuser415,Test1234,dev-415
jmuser416,Test1234,dev-416
jmuser417,Test1234,dev-417
jmuser418,Test1234,dev-418
jmuser419,Test1234,dev-419
jmuser420,Test1234,dev-420
jmuser421,Test1234,dev-421
jmuser422,Test1234,dev-422
jmuser423,Test1234,dev-423
jmuser424,Test1234,dev-424
jmuser425,Test1234,dev-425
jmuser426,Test1234,dev-426
jmuser427,Test1234,dev-427
jmuser428,Test1234,dev-428
jmuser429,Test1234,dev-429
jmuser430,Test1234,dev-430
jmuser431,Test1234,dev-431
jmuser432,Test1234,dev-432
jmuser433,Test1234,dev-433
jmuser434,Test1234,dev-434
jmuser435,Test1234,dev-435
jmuser436,Test1234,dev-436
jmuser437,Test1234,dev-437
jmuser438,Test1234,dev-438
jmuser439,Test1234,dev-439
jmuser440,Test1234,dev-440
jmuser441,Test1234,dev-441
jmuser442,Test1234,dev-442
jmuser443,Test1234,dev-443
jmuser444,Test1234,dev-444
jmuser445,Test1234,dev-445
jmuser446,Test1234,dev-446
jmuser447,Test1234,dev-447
jmuser448,Test1234,dev-448
jmuser449,Test1234,dev-449
jmuser450,Test1234,dev-450
jmuser451,Test1234,dev-451
jmuser452,Test1234,dev-452
jmuser453,Test1234,dev-453
jmuser454,Test1234,dev-454
jmuser455,Test1234,dev-455
jmuser456,Test1234,dev-456
jmuser457,Test1234,dev-457
jmuser458,Test1234,dev-458
jmuser459,Test1234,dev-459
jmuser460,Test1234,dev-460
jmuser461,Test1234,dev-461
jmuser462,Test1234,dev-462
jmuser463,Test1234,dev-463
jmuser464,Test1234,dev-464
jmuser465,Test1234,dev-465
jmuser466,Test1234,dev-466
jmuser467,Test1234,dev-467
jmuser468,Test1234,dev-468
jmuser469,Test1234,dev-469
jmuser470,Test1234,dev-470
jmuser471,Test1234,dev-471
jmuser472,Test1234,dev-472
jmuser473,Test1234,dev-473
jmuser474,Test1234,dev-474
jmuser475,Test1234,dev-475
jmuser476,Test1234,dev-476
jmuser477,Test1234,dev-477
jmuser478,Test1234,dev-478
jmuser479,Test1234,dev-479
jmuser480,Test1234,dev-480
jmuser481,Test1234,dev-481
jmuser482,Test1234,dev-482
jmuser483,Test1234,dev-483
jmuser484,Test1234,dev-484
jmuser485,Test1234,dev-485
jmuser486,Test1234,dev-486
jmuser487,Test1234,dev-487
jmuser488,Test1234,dev-488
jmuser489,Test1234,dev-489
jmuser490,Test1234,dev-490
jmuser491,Test1234,dev-491
jmuser492,Test1234,dev-492
jmuser493,Test1234,dev-493
jmuser494,Test1234,dev-494
jmuser495,Test1234,dev-495
jmuser496,Test1234,dev-496
jmuser497,Test1234,dev-497
jmuser498,Test1234,dev-498
jmuser499,Test1234,dev-499
jmuser500,Test1234,dev-500
jmuser501,Test1234,dev-501
jmuser502,Test1234,dev-502
jmuser503,Test1234,dev-503
jmuser504,Test1234,dev-504
jmuser505,Test1234,dev-505
jmuser506,Test1234,dev-506
jmuser507,Test1234,dev-507
jmuser508,Test1234,dev-508
jmuser509,Test1234,dev-509
jmuser510,Test1234,dev-510
jmuser511,Test1234,dev-511
jmuser512,Test1234,dev-512
jmuser513,Test1234,dev-513
jmuser514,Test1234,dev-514
jmuser515,Test1234,dev-515
jmuser516,Test1234,dev-516
jmuser517,Test1234,dev-517
jmuser518,Test1234,dev-518
jmuser519,Test1234,dev-519
jmuser520,Test1234,dev-520
jmuser521,Test1234,dev-521
jmuser522,Test1234,dev-522
jmuser523,Test1234,dev-523
jmuser524,Test1234,dev-524
jmuser525,Test1234,dev-525
jmuser526,Test1234,dev-526
jmuser527,Test1234,dev-527
jmuser528,Test1234,dev-528
jmuser529,Test1234,dev-529
jmuser530,Test1234,dev-530
jmuser531,Test1234,dev-531
jmuser532,Test1234,dev-532
jmuser533,Test1234,dev-533
jmuser534,Test1234,dev-534
jmuser535,Test1234,dev-535
jmuser536,Test1234,dev-536
jmuser537,Test1234,dev-537
jmuser538,Test1234,dev-538
jmuser539,Test1234,dev-539
jmuser540,Test1234,dev-540
jmuser541,Test1234,dev-541
jmuser542,Test1234,dev-542
jmuser543,Test1234,dev-543
jmuser544,Test1234,dev-544
jmuser545,Test1234,dev-545
jmuser546,Test1234,dev-546
jmuser547,Test1234,dev-547
jmuser548,Test1234,dev-548
jmuser549,Test1234,dev-549
jmuser550,Test1234,dev-550
jmuser551,Test1234,dev-551
jmuser552,Test1234,dev-552
jmuser553,Test1234,dev-553
jmuser554,Test1234,dev-554
jmuser555,Test1234,dev-555
jmuser556,Test1234,dev-556
jmuser557,Test1234,dev-557
jmuser558,Test1234,dev-558
jmuser559,Test1234,dev-559
jmuser560,Test1234,dev-560
jmuser561,Test1234,dev-561
jmuser562,Test1234,dev-562
jmuser563,Test1234,dev-563
jmuser564,Test1234,dev-564
jmuser565,Test1234,dev-565
jmuser566,Test1234,dev-566
jmuser567,Test1234,dev-567
jmuser568,Test1234,dev-568
jmuser569,Test1234,dev-569
jmuser570,Test1234,dev-570
jmuser571,Test1234,dev-571
jmuser572,Test1234,dev-572
jmuser573,Test1234,dev-573
jmuser574,Test1234,dev-574
jmuser575,Test1234,dev-575
jmuser576,Test1234,dev-576
jmuser577,Test1234,dev-577
jmuser578,Test1234,dev-578
jmuser579,Test1234,dev-579
jmuser580,Test1234,dev-580
jmuser581,Test1234,dev-581
jmuser582,Test1234,dev-582
jmuser583,Test1234,dev-583
jmuser584,Test1234,dev-584
jmuser585,Test1234,dev-585
jmuser586,Test1234,dev-586
jmuser587,Test1234,dev-587
jmuser588,Test1234,dev-588
jmuser589,Test1234,dev-589
jmuser590,Test1234,dev-590
jmuser591,Test1234,dev-591
jmuser592,Test1234,dev-592
jmuser593,Test1234,dev-593
jmuser594,Test1234,dev-594
jmuser595,Test1234,dev-595
jmuser596,Test1234,dev-596
jmuser597,Test1234,dev-597
jmuser598,Test1234,dev-598
jmuser599,Test1234,dev-599
jmuser600,Test1234,dev-600
jmuser601,Test1234,dev-601
jmuser602,Test1234,dev-602
jmuser603,Test1234,dev-603
jmuser604,Test1234,dev-604
jmuser605,Test1234,dev-605
jmuser606,Test1234,dev-606
jmuser607,Test1234,dev-607
jmuser608,Test1234,dev-608
jmuser609,Test1234,dev-609
jmuser610,Test1234,dev-610
jmuser611,Test1234,dev-611
jmuser612,Test1234,dev-612
jmuser613,Test1234,dev-613
jmuser614,Test1234,dev-614
jmuser615,Test1234,dev-615
jmuser616,Test1234,dev-616
jmuser617,Test1234,dev-617
jmuser618,Test1234,dev-618
jmuser619,Test1234,dev-619
jmuser620,Test1234,dev-620
jmuser621,Test1234,dev-621
jmuser622,Test1234,dev-622
jmuser623,Test1234,dev-623
jmuser624,Test1234,dev-624
jmuser625,Test1234,dev-625
jmuser626,Test1234,dev-626
jmuser627,Test1234,dev-627
jmuser628,Test1234,dev-628
jmuser629,Test1234,dev-629
jmuser630,Test1234,dev-630
jmuser631,Test1234,dev-631
jmuser632,Test1234,dev-632
jmuser633,Test1234,dev-633
jmuser634,Test1234,dev-634
jmuser635,Test1234,dev-635
jmuser636,Test1234,dev-636
jmuser637,Test1234,dev-637
jmuser638,Test1234,dev-638
jmuser639,Test1234,dev-639
jmuser640,Test1234,dev-640
jmuser641,Test1234,dev-641
jmuser642,Test1234,dev-642
jmuser643,Test1234,dev-643
jmuser644,Test1234,dev-644
jmuser645,Test1234,dev-645
jmuser646,Test1234,dev-646
jmuser647,Test1234,dev-647
jmuser648,Test1234,dev-648
jmuser649,Test1234,dev-649
jmuser650,Test1234,dev-650
jmuser651,Test1234,dev-651
jmuser652,Test1234,dev-652
jmuser653,Test1234,dev-653
jmuser654,Test1234,dev-654
jmuser655,Test1234,dev-655
jmuser656,Test1234,dev-656
jmuser657,Test1234,dev-657
jmuser658,Test1234,dev-658
jmuser659,Test1234,dev-659
jmuser660,Test1234,dev-660
jmuser661,Test1234,dev-661
jmuser662,Test1234,dev-662
jmuser663,Test1234,dev-663
jmuser664,Test1234,dev-664
jmuser665,Test1234,dev-665
jmuser666,Test1234,dev-666
jmuser667,Test1234,dev-667
jmuser668,Test1234,dev-668
jmuser669,Test1234,dev-669
jmuser670,Test1234,dev-670
jmuser671,Test1234,dev-671
jmuser672,Test1234,dev-672
jmuser673,Test1234,dev-673
jmuser674,Test1234,dev-674
jmuser675,Test1234,dev-675
jmuser676,Test1234,dev-676
jmuser677,Test1234,dev-677
jmuser678,Test1234,dev-678
jmuser679,Test1234,dev-679
jmuser680,Test1234,dev-680
jmuser681,Test1234,dev-681
jmuser682,Test1234,dev-682
jmuser683,Test1234,dev-683
jmuser684,Test1234,dev-684
jmuser685,Test1234,dev-685
jmuser686,Test1234,dev-686
jmuser687,Test1234,dev-687
jmuser688,Test1234,dev-688
jmuser689,Test1234,dev-689
jmuser690,Test1234,dev-690
jmuser691,Test1234,dev-691
jmuser692,Test1234,dev-692
jmuser693,Test1234,dev-693
jmuser694,Test1234,dev-694
jmuser695,Test1234,dev-695
jmuser696,Test1234,dev-696
jmuser697,Test1234,dev-697
jmuser698,Test1234,dev-698
jmuser699,Test1234,dev-699
jmuser700,Test1234,dev-700
jmuser701,Test1234,dev-701
jmuser702,Test1234,dev-702
jmuser703,Test1234,dev-703
jmuser704,Test1234,dev-704
jmuser705,Test1234,dev-705
jmuser706,Test1234,dev-706
jmuser707,Test1234,dev-707
jmuser708,Test1234,dev-708
jmuser709,Test1234,dev-709
jmuser710,Test1234,dev-710
jmuser711,Test1234,dev-711
jmuser712,Test1234,dev-712
jmuser713,Test1234,dev-713
jmuser714,Test1234,dev-714
jmuser715,Test1234,dev-715
jmuser716,Test1234,dev-716
jmuser717,Test1234,dev-717
jmuser718,Test1234,dev-718
jmuser719,Test1234,dev-719
jmuser720,Test1234,dev-720
jmuser721,Test1234,dev-721
jmuser722,Test1234,dev-722
jmuser723,Test1234,dev-723
jmuser724,Test1234,dev-724
jmuser725,Test1234,dev-725
jmuser726,Test1234,dev-726
jmuser727,Test1234,dev-727
jmuser728,Test1234,dev-728
jmuser729,Test1234,dev-729
jmuser730,Test1234,dev-730
jmuser731,Test1234,dev-731
jmuser732,Test1234,dev-732
jmuser733,Test1234,dev-733
jmuser734,Test1234,dev-734
jmuser735,Test1234,dev-735
jmuser736,Test1234,dev-736
jmuser737,Test1234,dev-737
jmuser738,Test1234,dev-738
jmuser739,Test1234,dev-739
jmuser740,Test1234,dev-740
jmuser741,Test1234,dev-741
jmuser742,Test1234,dev-742
jmuser743,Test1234,dev-743
jmuser744,Test1234,dev-744
jmuser745,Test1234,dev-745
jmuser746,Test1234,dev-746
jmuser747,Test1234,dev-747
jmuser748,Test1234,dev-748
jmuser749,Test1234,dev-749
jmuser750,Test1234,dev-750
jmuser751,Test1234,dev-751
jmuser752,Test1234,dev-752
jmuser753,Test1234,dev-753
jmuser754,Test1234,dev-754
jmuser755,Test1234,dev-755
jmuser756,Test1234,dev-756
jmuser757,Test1234,dev-757
jmuser758,Test1234,dev-758
jmuser759,Test1234,dev-759
jmuser760,Test1234,dev-760
jmuser761,Test1234,dev-761
jmuser762,Test1234,dev-762
jmuser763,Test1234,dev-763
jmuser764,Test1234,dev-764
jmuser765,Test1234,dev-765
jmuser766,Test1234,dev-766
jmuser767,Test1234,dev-767
jmuser768,Test1234,dev-768
jmuser769,Test1234,dev-769
jmuser770,Test1234,dev-770
jmuser771,Test1234,dev-771
jmuser772,Test1234,dev-772
jmuser773,Test1234,dev-773
jmuser774,Test1234,dev-774
jmuser775,Test1234,dev-775
jmuser776,Test1234,dev-776
jmuser777,Test1234,dev-777
jmuser778,Test1234,dev-778
jmuser779,Test1234,dev-779
jmuser780,Test1234,dev-780
jmuser781,Test1234,dev-781
jmuser782,Test1234,dev-782
jmuser783,Test1234,dev-783
jmuser784,Test1234,dev-784
jmuser785,Test1234,dev-785
jmuser786,Test1234,dev-786
jmuser787,Test1234,dev-787
jmuser788,Test1234,dev-788
jmuser789,Test1234,dev-789
jmuser790,Test1234,dev-790
jmuser791,Test1234,dev-791
jmuser792,Test1234,dev-792
jmuser793,Test1234,dev-793
jmuser794,Test1234,dev-794
jmuser795,Test1234,dev-795
jmuser796,Test1234,dev-796
jmuser797,Test1234,dev-797
jmuser798,Test1234,dev-798
jmuser799,Test1234,dev-799
jmuser800,Test1234,dev-800
jmuser801,Test1234,dev-801
jmuser802,Test1234,dev-802
jmuser803,Test1234,dev-803
jmuser804,Test1234,dev-804
jmuser805,Test1234,dev-805
jmuser806,Test1234,dev-806
jmuser807,Test1234,dev-807
jmuser808,Test1234,dev-808
jmuser809,Test1234,dev-809
jmuser810,Test1234,dev-810
jmuser811,Test1234,dev-811
jmuser812,Test1234,dev-812
jmuser813,Test1234,dev-813
jmuser814,Test1234,dev-814
jmuser815,Test1234,dev-815
jmuser816,Test1234,dev-816
jmuser817,Test1234,dev-817
jmuser818,Test1234,dev-818
jmuser819,Test1234,dev-819
jmuser820,Test1234,dev-820
jmuser821,Test1234,dev-821
jmuser822,Test1234,dev-822
jmuser823,Test1234,dev-823
jmuser824,Test1234,dev-824
jmuser825,Test1234,dev-825
jmuser826,Test1234,dev-826
jmuser827,Test1234,dev-827
jmuser828,Test1234,dev-828
jmuser829,Test1234,dev-829
jmuser830,Test1234,dev-830
jmuser831,Test1234,dev-831
jmuser832,Test1234,dev-832
jmuser833,Test1234,dev-833
jmuser834,Test1234,dev-834
jmuser835,Test1234,dev-835
jmuser836,Test1234,dev-836
jmuser837,Test1234,dev-837
jmuser838,Test1234,dev-838
jmuser839,Test1234,dev-839
jmuser840,Test1234,dev-840
jmuser841,Test1234,dev-841
jmuser842,Test1234,dev-842
jmuser843,Test1234,dev-843
jmuser844,Test1234,dev-844
jmuser845,Test1234,dev-845
jmuser846,Test1234,dev-846
jmuser847,Test1234,dev-847
jmuser848,Test1234,dev-848
jmuser849,Test1234,dev-849
jmuser850,Test1234,dev-850
jmuser851,Test1234,dev-851
jmuser852,Test1234,dev-852
jmuser853,Test1234,dev-853
jmuser854,Test1234,dev-854
jmuser855,Test1234,dev-855
jmuser856,Test1234,dev-856
jmuser857,Test1234,dev-857
jmuser858,Test1234,dev-858
jmuser859,Test1234,dev-859
jmuser860,Test1234,dev-860
jmuser861,Test1234,dev-861
jmuser862,Test1234,dev-862
jmuser863,Test1234,dev-863
jmuser864,Test1234,dev-864
jmuser865,Test1234,dev-865
jmuser866,Test1234,dev-866
jmuser867,Test1234,dev-867
jmuser868,Test1234,dev-868
jmuser869,Test1234,dev-869
jmuser870,Test1234,dev-870
jmuser871,Test1234,dev-871
jmuser872,Test1234,dev-872
jmuser873,Test1234,dev-873
jmuser874,Test1234,dev-874
jmuser875,Test1234,dev-875
jmuser876,Test1234,dev-876
jmuser877,Test1234,dev-877
jmuser878,Test1234,dev-878
jmuser879,Test1234,dev-879
jmuser880,Test1234,dev-880
jmuser881,Test1234,dev-881
jmuser882,Test1234,dev-882
jmuser883,Test1234,dev-883
jmuser884,Test1234,dev-884
jmuser885,Test1234,dev-885
jmuser886,Test1234,dev-886
jmuser887,Test1234,dev-887
jmuser888,Test1234,dev-888
jmuser889,Test1234,dev-889
jmuser890,Test1234,dev-890
jmuser891,Test1234,dev-891
jmuser892,Test1234,dev-892
jmuser893,Test1234,dev-893
jmuser894,Test1234,dev-894
jmuser895,Test1234,dev-895
jmuser896,Test1234,dev-896
jmuser897,Test1234,dev-897
jmuser898,Test1234,dev-898
jmuser899,Test1234,dev-899
jmuser900,Test1234,dev-900
jmuser901,Test1234,dev-901
jmuser902,Test1234,dev-902
jmuser903,Test1234,dev-903
jmuser904,Test1234,dev-904
jmuser905,Test1234,dev-905
jmuser906,Test1234,dev-906
jmuser907,Test1234,dev-907
jmuser908,Test1234,dev-908
jmuser909,Test1234,dev-909
jmuser910,Test1234,dev-910
jmuser911,Test1234,dev-911
jmuser912,Test1234,dev-912
jmuser913,Test1234,dev-913
jmuser914,Test1234,dev-914
jmuser915,Test1234,dev-915
jmuser916,Test1234,dev-916
jmuser917,Test1234,dev-917
jmuser918,Test1234,dev-918
jmuser919,Test1234,dev-919
jmuser920,Test1234,dev-920
jmuser921,Test1234,dev-921
jmuser922,Test1234,dev-922
jmuser923,Test1234,dev-923
jmuser924,Test1234,dev-924
jmuser925,Test1234,dev-925
jmuser926,Test1234,dev-926
jmuser927,Test1234,dev-927
jmuser928,Test1234,dev-928
jmuser929,Test1234,dev-929
jmuser930,Test1234,dev-930
jmuser931,Test1234,dev-931
jmuser932,Test1234,dev-932
jmuser933,Test1234,dev-933
jmuser934,Test1234,dev-934
jmuser935,Test1234,dev-935
jmuser936,Test1234,dev-936
jmuser937,Test1234,dev-937
jmuser938,Test1234,dev-938
jmuser939,Test1234,dev-939
jmuser940,Test1234,dev-940
jmuser941,Test1234,dev-941
jmuser942,Test1234,dev-942
jmuser943,Test1234,dev-943
jmuser944,Test1234,dev-944
jmuser945,Test1234,dev-945
jmuser946,Test1234,dev-946
jmuser947,Test1234,dev-947
jmuser948,Test1234,dev-948
jmuser949,Test1234,dev-949
jmuser950,Test1234,dev-950
jmuser951,Test1234,dev-951
jmuser952,Test1234,dev-952
jmuser953,Test1234,dev-953
jmuser954,Test1234,dev-954
jmuser955,Test1234,dev-955
jmuser956,Test1234,dev-956
jmuser957,Test1234,dev-957
jmuser958,Test1234,dev-958
jmuser959,Test1234,dev-959
jmuser960,Test1234,dev-960
jmuser961,Test1234,dev-961
jmuser962,Test1234,dev-962
jmuser963,Test1234,dev-963
jmuser964,Test1234,dev-964
jmuser965,Test1234,dev-965
jmuser966,Test1234,dev-966
jmuser967,Test1234,dev-967
jmuser968,Test1234,dev-968
jmuser969,Test1234,dev-969
jmuser970,Test1234,dev-970
jmuser971,Test1234,dev-971
jmuser972,Test1234,dev-972
jmuser973,Test1234,dev-973
jmuser974,Test1234,dev-974
jmuser975,Test1234,dev-975
jmuser976,Test1234,dev-976
jmuser977,Test1234,dev-977
jmuser978,Test1234,dev-978
jmuser979,Test1234,dev-979
jmuser980,Test1234,dev-980
jmuser981,Test1234,dev-981
jmuser982,Test1234,dev-982
jmuser983,Test1234,dev-983
jmuser984,Test1234,dev-984
jmuser985,Test1234,dev-985
jmuser986,Test1234,dev-986
jmuser987,Test1234,dev-987
jmuser988,Test1234,dev-988
jmuser989,Test1234,dev-989
jmuser990,Test1234,dev-990
jmuser991,Test1234,dev-991
jmuser992,Test1234,dev-992
jmuser993,Test1234,dev-993
jmuser994,Test1234,dev-994
jmuser995,Test1234,dev-995
jmuser996,Test1234,dev-996
jmuser997,Test1234,dev-997
jmuser998,Test1234,dev-998
jmuser999,Test1234,dev-999
jmuser1000,Test1234,dev-1000
