1,eyJhbGciOiJIUzM4NCJ9.eyJzdWIiOiIyMCIsInJvbGUiOjEsImlhdCI6MTc4NDczMjAyNCwiZXhwIjoxNzg0ODE4NDI0fQ.hYbUTSEGGSst4IcelsLLI0pKSsXxvfaNYzRcuQNB3qJajzAxgrVSp8cHagWw-6_s,dev-001
2,eyJhbGciOiJIUzM4NCJ9.eyJzdWIiOiIyMSIsInJvbGUiOjEsImlhdCI6MTc4NDczMjAyNCwiZXhwIjoxNzg0ODE4NDI0fQ.Lu9fbBCYN30s_Fsfq4ZiY6BNAN1V1XRoA_6e1B6BTQ-g_xeoTRPyhJomAS0g0LTm,dev-002
3,eyJhbGciOiJIUzM4NCJ9.eyJzdWIiOiIyMiIsInJvbGUiOjEsImlhdCI6MTc4NDczMjAyNSwiZXhwIjoxNzg0ODE4NDI1fQ.Ix-MbixBMmbfv4ZxAUdXlz5bk2gE63VO97QM7Kri8CgG3-AV-EjrY-5h-zPyagVo,dev-003
4,eyJhbGciOiJIUzM4NCJ9.eyJzdWIiOiIyMyIsInJvbGUiOjEsImlhdCI6MTc4NDczMjAyNSwiZXhwIjoxNzg0ODE4NDI1fQ.USddDsK77-ymOXLtBG19QGyXjgpJ4GPjyFIqvjj7YgJG7um1B-KnI_0Q1wLLKVA_,dev-004
5,eyJhbGciOiJIUzM4NCJ9.eyJzdWIiOiIyNCIsInJvbGUiOjEsImlhdCI6MTc4NDczMjAyNSwiZXhwIjoxNzg0ODE4NDI1fQ.YJC4JN2kls38ogj5IjF1A32I7nN7LR_qirDVd7-2muEcZX9RwPb3IdsBns_OnbOt,dev-005
6,eyJhbGciOiJIUzM4NCJ9.eyJzdWIiOiIyNSIsInJvbGUiOjEsImlhdCI6MTc4NDczMjAyNSwiZXhwIjoxNzg0ODE4NDI1fQ.WjSeF31UURzGhl2M7lL8d0pKl5new5mbvNFFXZ1ZAfjr09baDCPlRkqJgZxbMB5E,dev-006
7,eyJhbGciOiJIUzM4NCJ9.eyJzdWIiOiIyNiIsInJvbGUiOjEsImlhdCI6MTc4NDczMjAyNSwiZXhwIjoxNzg0ODE4NDI1fQ.1J8PayB7d3MV6-MJz3zeSlMo1uiDu0J9abs1o3eyBrObWb2GRwxLVtx9CIuSynC6,dev-007
8,eyJhbGciOiJIUzM4NCJ9.eyJzdWIiOiIyNyIsInJvbGUiOjEsImlhdCI6MTc4NDczMjAyNSwiZXhwIjoxNzg0ODE4NDI1fQ.9n5M2Fr__U8H0TfpVWeaUMiwflTU2FSeOgilFmBZo33E3v8LwIXaaMCYzrAmEM0x,dev-008
9,eyJhbGciOiJIUzM4NCJ9.eyJzdWIiOiIyOCIsInJvbGUiOjEsImlhdCI6MTc4NDczMjAyNSwiZXhwIjoxNzg0ODE4NDI1fQ.WtTaoWt83LQSrvn2pfHpgODshAT3pVdJrPuRLbvvRqI0nWdzdBlK2wareiuZoLfx,dev-009
10,eyJhbGciOiJIUzM4NCJ9.eyJzdWIiOiIyOSIsInJvbGUiOjEsImlhdCI6MTc4NDczMjAyNSwiZXhwIjoxNzg0ODE4NDI1fQ.4OK4FtSXz7tdLthhIxjv-9bduIM7M9eBXVKWPo35OMZialZDZqnIN7VOdGvyYU-0,dev-010
11,eyJhbGciOiJIUzM4NCJ9.eyJzdWIiOiIzMCIsInJvbGUiOjEsImlhdCI6MTc4NDczMjAyNSwiZXhwIjoxNzg0ODE4NDI1fQ.yVc79RAUFkdVsraUBJjTqv4Ef8iyccvg3mek40_A8lWPocyxzapRYcQo5amrYqh6,dev-011
12,eyJhbGciOiJIUzM4NCJ9.eyJzdWIiOiIzMSIsInJvbGUiOjEsImlhdCI6MTc4NDczMjAyNSwiZXhwIjoxNzg0ODE4NDI1fQ.Dqf4VXttwHb-7DSrIVPdcG_wMhSSp9x1dZXH9Jjs6QCsyT2WJQJmE63haVoSqYhf,dev-012
13,eyJhbGciOiJIUzM4NCJ9.eyJzdWIiOiIzMiIsInJvbGUiOjEsImlhdCI6MTc4NDczMjAyNSwiZXhwIjoxNzg0ODE4NDI1fQ.G2A-L4IXrr0PjQKFcr7QLK9jOYdJjTQQ_OMREU4a7uPCL50clgwUfhyzxSP-cA7e,dev-013
14,eyJhbGciOiJIUzM4NCJ9.eyJzdWIiOiIzMyIsInJvbGUiOjEsImlhdCI6MTc4NDczMjAyNSwiZXhwIjoxNzg0ODE4NDI1fQ.J3eZrn6cS4gXTrmrsWfYc0OwLfyFRPXbgTXKfSFaQylQkSLLqFg6xfn4PjrarzYr,dev-014
15,eyJhbGciOiJIUzM4NCJ9.eyJzdWIiOiIzNCIsInJvbGUiOjEsImlhdCI6MTc4NDczMjAyNiwiZXhwIjoxNzg0ODE4NDI2fQ.hfmBUY1879UBOIU3KWSU3EI-pq6V7VV2TZXn2ibfAtbQSQ33fhw3SknzVsaNqOqw,dev-015
16,eyJhbGciOiJIUzM4NCJ9.eyJzdWIiOiIzNSIsInJvbGUiOjEsImlhdCI6MTc4NDczMjAyNiwiZXhwIjoxNzg0ODE4NDI2fQ.W2mrTz5rjPHBdlsNEETvj4EkiCgPK7usGzuUkzSc5f5ayzUCJNiYS4FMS9N8PXmf,dev-016
17,eyJhbGciOiJIUzM4NCJ9.eyJzdWIiOiIzNiIsInJvbGUiOjEsImlhdCI6MTc4NDczMjAyNiwiZXhwIjoxNzg0ODE4NDI2fQ.ZUNmg60XDzvhGUlCm6jkcv_DciNiKYgBEeNzHcTWbeG4OJNbHLwuBov2xIVQxKqi,dev-017
18,eyJhbGciOiJIUzM4NCJ9.eyJzdWIiOiIzNyIsInJvbGUiOjEsImlhdCI6MTc4NDczMjAyNiwiZXhwIjoxNzg0ODE4NDI2fQ.TbHcFKt4_iTqG24LE9VIoIwhbIiNrIAUFL1IKFz4deHeDMinkTyeCzctiM_hbLps,dev-018
19,eyJhbGciOiJIUzM4NCJ9.eyJzdWIiOiIzOCIsInJvbGUiOjEsImlhdCI6MTc4NDczMjAyNiwiZXhwIjoxNzg0ODE4NDI2fQ.6l1wcWJ0PXx28sYnfRUXQDyzCjgpY0r1MOtQDc7afIg1Sy8v_pgPh41rD3lZjPWb,dev-019
20,eyJhbGciOiJIUzM4NCJ9.eyJzdWIiOiIzOSIsInJvbGUiOjEsImlhdCI6MTc4NDczMjAyNiwiZXhwIjoxNzg0ODE4NDI2fQ.ZliYMbVH1_1VmAunHETL7lEmpRqo8BY3L2RzZakkHfE1ar8l2vEgw8XzHs-bhxZw,dev-020
21,eyJhbGciOiJIUzM4NCJ9.eyJzdWIiOiI0MCIsInJvbGUiOjEsImlhdCI6MTc4NDczMjAyNiwiZXhwIjoxNzg0ODE4NDI2fQ.yzp6k-mCRnjpSfuTfS1U0qoVcG0Ta3bnYbv49G9Fhng9PKMRZadBnpC8pU8PyJYT,dev-021
22,eyJhbGciOiJIUzM4NCJ9.eyJzdWIiOiI0MSIsInJvbGUiOjEsImlhdCI6MTc4NDczMjAyNiwiZXhwIjoxNzg0ODE4NDI2fQ.hi75LNsGTGhDHQspsYiyqDT6DMsUpwQwhafbUy35azsbbEoUSc1dCc6XA5Hht4_Y,dev-022
23,eyJhbGciOiJIUzM4NCJ9.eyJzdWIiOiI0MiIsInJvbGUiOjEsImlhdCI6MTc4NDczMjAyNiwiZXhwIjoxNzg0ODE4NDI2fQ.mioyXMpaol1Z0PYsVxZuJ78orYBDa3YyjsDs3h55oXhBrw2BOItm5OnYWuOnvDrv,dev-023
24,eyJhbGciOiJIUzM4NCJ9.eyJzdWIiOiI0MyIsInJvbGUiOjEsImlhdCI6MTc4NDczMjAyNiwiZXhwIjoxNzg0ODE4NDI2fQ.12Q9A8tNezb7l9cRqnd6HaH8CvC-W1EA87JmI94z7i6qMugyTrHRwD0uWFjCNrgM,dev-024
25,eyJhbGciOiJIUzM4NCJ9.eyJzdWIiOiI0NCIsInJvbGUiOjEsImlhdCI6MTc4NDczMjAyNiwiZXhwIjoxNzg0ODE4NDI2fQ._D4BtFF0D-T0JnX3wA6o5LuRwMOHjaAju9e9gSRp3uAmAE34lH6Mjl1zQJOgWCBm,dev-025
26,eyJhbGciOiJIUzM4NCJ9.eyJzdWIiOiI0NSIsInJvbGUiOjEsImlhdCI6MTc4NDczMjAyNiwiZXhwIjoxNzg0ODE4NDI2fQ.XHknRY8Lig43LIEo2zVYS7OYi8jO7YnF-Th6Ek-EUSfOA6OMDw-4yko6ARkBuxPZ,dev-026
27,eyJhbGciOiJIUzM4NCJ9.eyJzdWIiOiI0NiIsInJvbGUiOjEsImlhdCI6MTc4NDczMjAyNywiZXhwIjoxNzg0ODE4NDI3fQ.dHugByMOhaXl4suctvI6kVymHkKlnzLC4nvPQShx7HppH9Upmele5I9pO4JqiW1U,dev-027
28,eyJhbGciOiJIUzM4NCJ9.eyJzdWIiOiI0NyIsInJvbGUiOjEsImlhdCI6MTc4NDczMjAyNywiZXhwIjoxNzg0ODE4NDI3fQ.j7uh3LrolewBHAa_O8ISQJzynUsqtYKbczK1px7VvVo5TLr7nrIsvziYCgrlBvFf,dev-028
29,eyJhbGciOiJIUzM4NCJ9.eyJzdWIiOiI0OCIsInJvbGUiOjEsImlhdCI6MTc4NDczMjAyNywiZXhwIjoxNzg0ODE4NDI3fQ.suKDgwamPtJqj94sV56cnARl0q7DEtbc4bjonlh3a2OUvyE4zXLFAhWVlfe_FwIF,dev-029
30,eyJhbGciOiJIUzM4NCJ9.eyJzdWIiOiI0OSIsInJvbGUiOjEsImlhdCI6MTc4NDczMjAyNywiZXhwIjoxNzg0ODE4NDI3fQ.dehZQDnqFa5D4ngfvV0X2gJxLH3sgZSWuNpcByxfns9RpcpjiikFTT9tC2HFhtU1,dev-030
31,eyJhbGciOiJIUzM4NCJ9.eyJzdWIiOiI1MCIsInJvbGUiOjEsImlhdCI6MTc4NDczMjAyNywiZXhwIjoxNzg0ODE4NDI3fQ.ZZZzvyYTaMhCzIwOcNSusR9zdM0QrURttGS77w0XQlIxfYJDE8cH6zF-HU1YvH1l,dev-031
32,eyJhbGciOiJIUzM4NCJ9.eyJzdWIiOiI1MSIsInJvbGUiOjEsImlhdCI6MTc4NDczMjAyNywiZXhwIjoxNzg0ODE4NDI3fQ.pGlm7wSgrgEmqNggYgnFBT-j6IbJ5GYcSlWtA_dSr8DamiI_FH8nQ5dURGQO-3ls,dev-032
33,eyJhbGciOiJIUzM4NCJ9.eyJzdWIiOiI1MiIsInJvbGUiOjEsImlhdCI6MTc4NDczMjAyNywiZXhwIjoxNzg0ODE4NDI3fQ._u80ZeAK5-S1qMcmayfed4utSC4g0GR_uhDhkjfOUUskDWjdTcVpHr0L4h6QAjwS,dev-033
34,eyJhbGciOiJIUzM4NCJ9.eyJzdWIiOiI1MyIsInJvbGUiOjEsImlhdCI6MTc4NDczMjAyNywiZXhwIjoxNzg0ODE4NDI3fQ.lpOoN9Iw0eIfW_QSVC5rYtkFsNrZi4B_iu87qyX05wCztrU85s0mdypcgAbE1JCv,dev-034
35,eyJhbGciOiJIUzM4NCJ9.eyJzdWIiOiI1NCIsInJvbGUiOjEsImlhdCI6MTc4NDczMjAyNywiZXhwIjoxNzg0ODE4NDI3fQ.goMDlR3Uzmy_SQoJZCMuuBnUdd5ZOyQ7e05kvrrnEo5fAR9014VUmMcSdUMnrj_e,dev-035
36,eyJhbGciOiJIUzM4NCJ9.eyJzdWIiOiI1NSIsInJvbGUiOjEsImlhdCI6MTc4NDczMjAyNywiZXhwIjoxNzg0ODE4NDI3fQ.dgj2xTn9N0RuEOa4Mv7OtQH4MkYhq4SAPSs_TGJ4zxbOAw1bczsX4DPo4sb_CYCv,dev-036
37,eyJhbGciOiJIUzM4NCJ9.eyJzdWIiOiI1NiIsInJvbGUiOjEsImlhdCI6MTc4NDczMjAyNywiZXhwIjoxNzg0ODE4NDI3fQ.mGmg0NSUCWYCuwEl6ZqWvKL7g-xLMVaEGIqpXu9YtbRbY766wq7Y9KpQg7Vw-xmN,dev-037
38,eyJhbGciOiJIUzM4NCJ9.eyJzdWIiOiI1NyIsInJvbGUiOjEsImlhdCI6MTc4NDczMjAyNywiZXhwIjoxNzg0ODE4NDI3fQ.xYeKOxSlfs7NgH2sP1oj0-jpzUSP5JWoo_BU2w5gqV6Dd3zya9NPFF0Di34E_8m0,dev-038
39,eyJhbGciOiJIUzM4NCJ9.eyJzdWIiOiI1OCIsInJvbGUiOjEsImlhdCI6MTc4NDczMjAyNywiZXhwIjoxNzg0ODE4NDI3fQ.zySjl-yUs0pUG4mAI8tN9mdl3zbglssy9Ss4ru9y3z5gE6uq0bApU9WTOGXxgA64,dev-039
40,eyJhbGciOiJIUzM4NCJ9.eyJzdWIiOiI1OSIsInJvbGUiOjEsImlhdCI6MTc4NDczMjAyOCwiZXhwIjoxNzg0ODE4NDI4fQ.ATnit98_N9OFBKRlOdmXOHLG_Xgw19Cz9pY3HMIYhahx1FYjdUp-znU0HnQT0-EK,dev-040
41,eyJhbGciOiJIUzM4NCJ9.eyJzdWIiOiI2MCIsInJvbGUiOjEsImlhdCI6MTc4NDczMjAyOCwiZXhwIjoxNzg0ODE4NDI4fQ.C_VOyPfHM5s8mbAZb4oQ841IbFrN7zvLgTzX3KVVfF9JcTmFt-6xtUWXvDBUMZbq,dev-041
42,eyJhbGciOiJIUzM4NCJ9.eyJzdWIiOiI2MSIsInJvbGUiOjEsImlhdCI6MTc4NDczMjAyOCwiZXhwIjoxNzg0ODE4NDI4fQ.svzpTAFaF_Nymfdm07kim8DAZahAHjnOzOcuSR2nWRukEFo-oNXlz2APfpbG_K9h,dev-042
43,eyJhbGciOiJIUzM4NCJ9.eyJzdWIiOiI2MiIsInJvbGUiOjEsImlhdCI6MTc4NDczMjAyOCwiZXhwIjoxNzg0ODE4NDI4fQ.ZF6U8PqK4xTFaXxTzLMsq4B5x-RPFlnZmyWYew0qK5lYvQQDnTvzWYoFpIoGwqW4,dev-043
44,eyJhbGciOiJIUzM4NCJ9.eyJzdWIiOiI2MyIsInJvbGUiOjEsImlhdCI6MTc4NDczMjAyOCwiZXhwIjoxNzg0ODE4NDI4fQ.I7Ltnc1eufFsEBLCShHP-7fYgr9b2Wje6aJL8BpnvS9-Y3d5tmGxEqmFiWph2HcG,dev-044
45,eyJhbGciOiJIUzM4NCJ9.eyJzdWIiOiI2NCIsInJvbGUiOjEsImlhdCI6MTc4NDczMjAyOCwiZXhwIjoxNzg0ODE4NDI4fQ.OSNbCL8_gX04DgAOfvHYn9ZnTKzGxahi4qka2HiSinjKC37loG-cP8dozAwSJ24f,dev-045
46,eyJhbGciOiJIUzM4NCJ9.eyJzdWIiOiI2NSIsInJvbGUiOjEsImlhdCI6MTc4NDczMjAyOCwiZXhwIjoxNzg0ODE4NDI4fQ.BTfV_F_hXnS9rToBWFoMZL0ylEMeuXiRqdv5Udc60VggbHg2g73qOIPTKLLnQNk3,dev-046
47,eyJhbGciOiJIUzM4NCJ9.eyJzdWIiOiI2NiIsInJvbGUiOjEsImlhdCI6MTc4NDczMjAyOCwiZXhwIjoxNzg0ODE4NDI4fQ.ijrqAwK_dzJVeFZU7SD89QvySjH-X3y0sv4HRzANfAc1YYwx8m9kaNyVjWLty62Z,dev-047
48,eyJhbGciOiJIUzM4NCJ9.eyJzdWIiOiI2NyIsInJvbGUiOjEsImlhdCI6MTc4NDczMjAyOCwiZXhwIjoxNzg0ODE4NDI4fQ.Z6Dk4PSPvDZFYr0SYMFRe2Y8lomyHaj4qcI5kKbnDW3SyRpIONayDK3xUMBOoswW,dev-048
49,eyJhbGciOiJIUzM4NCJ9.eyJzdWIiOiI2OCIsInJvbGUiOjEsImlhdCI6MTc4NDczMjAyOCwiZXhwIjoxNzg0ODE4NDI4fQ.utUDE0vjCmVH-XY7csCjEJAiCy4qZIJxeGw1Gcb24osz4ZHYD7rk8poZbG8misTj,dev-049
50,eyJhbGciOiJIUzM4NCJ9.eyJzdWIiOiI2OSIsInJvbGUiOjEsImlhdCI6MTc4NDczMjAyOCwiZXhwIjoxNzg0ODE4NDI4fQ.-bHrbnvJAkgQaw7ZsLOLy6pmPuLJFuXNse_PLfiyxb0Zhc3GqgBHe6qULxwM_7C-,dev-050
51,eyJhbGciOiJIUzM4NCJ9.eyJzdWIiOiI3MCIsInJvbGUiOjEsImlhdCI6MTc4NDczMjAyOCwiZXhwIjoxNzg0ODE4NDI4fQ.GkxA3sYZP_RLl6eYiyqoFmmtkhGzbWjPakwDDVDCuIcurdNb4J9Qeh8f3zrTt5GA,dev-051
52,eyJhbGciOiJIUzM4NCJ9.eyJzdWIiOiI3MSIsInJvbGUiOjEsImlhdCI6MTc4NDczMjAyOSwiZXhwIjoxNzg0ODE4NDI5fQ.24NgFkHtZq5y_4sxYShcQU72vP8AEthkK44aEn-2O-sjWQVZbSYgIznsgROZh338,dev-052
53,eyJhbGciOiJIUzM4NCJ9.eyJzdWIiOiI3MiIsInJvbGUiOjEsImlhdCI6MTc4NDczMjAyOSwiZXhwIjoxNzg0ODE4NDI5fQ.aujl1UxHWo8KDXDjGIb-QN1FcDTJJZ8dxDAp4YOFYBjFpqB6E_da6LZKRJVZb797,dev-053
54,eyJhbGciOiJIUzM4NCJ9.eyJzdWIiOiI3MyIsInJvbGUiOjEsImlhdCI6MTc4NDczMjAyOSwiZXhwIjoxNzg0ODE4NDI5fQ.0mBgfXCOagoYRxgQaiU9_pIoZYW72UahHmLgVQAFALPmv0z4khsKs6esWw6bXBMd,dev-054
55,eyJhbGciOiJIUzM4NCJ9.eyJzdWIiOiI3NCIsInJvbGUiOjEsImlhdCI6MTc4NDczMjAyOSwiZXhwIjoxNzg0ODE4NDI5fQ.yg7aCi-GDRoeGNSMaaZ3rJskC8TKKmBjvC_acs0Un2nRiyOx0Q-EIbJQWq6-oPZi,dev-055
56,eyJhbGciOiJIUzM4NCJ9.eyJzdWIiOiI3NSIsInJvbGUiOjEsImlhdCI6MTc4NDczMjAyOSwiZXhwIjoxNzg0ODE4NDI5fQ.G4Gvr_RJPlH6IivrO10hZsOWv6NuyOUVvlgeygfJmmmvxHeCEYowDlsGO2XpzpO7,dev-056
57,eyJhbGciOiJIUzM4NCJ9.eyJzdWIiOiI3NiIsInJvbGUiOjEsImlhdCI6MTc4NDczMjAyOSwiZXhwIjoxNzg0ODE4NDI5fQ.1B8kbAE2KGiu4HrhVsvDPh6c_Wvwxl2-VHdwr7WVzW8C2hGNA92OZj6v7TOC8zV2,dev-057
58,eyJhbGciOiJIUzM4NCJ9.eyJzdWIiOiI3NyIsInJvbGUiOjEsImlhdCI6MTc4NDczMjAyOSwiZXhwIjoxNzg0ODE4NDI5fQ.a_1nw7-Kih-EshVl-mXmnvsxNRkXnvVT1PsfDvm9trD-uA_jFfAnrJviSjPUG2Vb,dev-058
59,eyJhbGciOiJIUzM4NCJ9.eyJzdWIiOiI3OCIsInJvbGUiOjEsImlhdCI6MTc4NDczMjAyOSwiZXhwIjoxNzg0ODE4NDI5fQ.5jMhqLkRBL2eTfkwM2XPcuODu-UbiVXu8NHSaiGWaU6kjl8q9r_G2W8KIsbsbT08,dev-059
60,eyJhbGciOiJIUzM4NCJ9.eyJzdWIiOiI3OSIsInJvbGUiOjEsImlhdCI6MTc4NDczMjAyOSwiZXhwIjoxNzg0ODE4NDI5fQ.ntvDUynOeOe0PZ54fHhwDwMVOEMhMvvvZ5es8Zu9-hYu0xcCBcsP986-oZ5SQ6XL,dev-060
61,eyJhbGciOiJIUzM4NCJ9.eyJzdWIiOiI4MCIsInJvbGUiOjEsImlhdCI6MTc4NDczMjAyOSwiZXhwIjoxNzg0ODE4NDI5fQ.kfAYoNJk_ARGLVvYI8x241rUCXw5UeYRWZ8pp9XLRCfdoj3umXL477bolp-a13La,dev-061
62,eyJhbGciOiJIUzM4NCJ9.eyJzdWIiOiI4MSIsInJvbGUiOjEsImlhdCI6MTc4NDczMjAyOSwiZXhwIjoxNzg0ODE4NDI5fQ.6DAHGmtAn-PnK1Vq6dscsgaT2lIjQSpXn7m2iJYJPom3JRLjk2BtV8jcTAsTg7QP,dev-062
63,eyJhbGciOiJIUzM4NCJ9.eyJzdWIiOiI4MiIsInJvbGUiOjEsImlhdCI6MTc4NDczMjAyOSwiZXhwIjoxNzg0ODE4NDI5fQ.avym44M3a7_B-XSYECmN3pbmhnG6iZ65nUT78YKiCPuc2VjsHipLM8vCavl83tqJ,dev-063
64,eyJhbGciOiJIUzM4NCJ9.eyJzdWIiOiI4MyIsInJvbGUiOjEsImlhdCI6MTc4NDczMjAzMCwiZXhwIjoxNzg0ODE4NDMwfQ.x3Id5u0iMfNs5MzJF27Fso9sfJ8L2ef4aFBvLeoMXM199a6FYHbT7ovRGSnelMgb,dev-064
65,eyJhbGciOiJIUzM4NCJ9.eyJzdWIiOiI4NCIsInJvbGUiOjEsImlhdCI6MTc4NDczMjAzMCwiZXhwIjoxNzg0ODE4NDMwfQ.Jt5-Xu-n-0gP3O0WZwLYBOwgJgOywlY9Fa-kMp6-JRP3HGAK-C5sGIg-uZt_CXsY,dev-065
66,eyJhbGciOiJIUzM4NCJ9.eyJzdWIiOiI4NSIsInJvbGUiOjEsImlhdCI6MTc4NDczMjAzMCwiZXhwIjoxNzg0ODE4NDMwfQ.hjtfs9omsUwN6_fOHD2cd95rbovdwYm8E28lzQT5cTguU_f3FubXExVgTXuWq9at,dev-066
67,eyJhbGciOiJIUzM4NCJ9.eyJzdWIiOiI4NiIsInJvbGUiOjEsImlhdCI6MTc4NDczMjAzMCwiZXhwIjoxNzg0ODE4NDMwfQ.YjjlHTsQQxCYMDKwgLNV4-hJddiSpzWd5uYEKSc9x77-Mry8GoUBDz2T6zsE8_os,dev-067
68,eyJhbGciOiJIUzM4NCJ9.eyJzdWIiOiI4NyIsInJvbGUiOjEsImlhdCI6MTc4NDczMjAzMCwiZXhwIjoxNzg0ODE4NDMwfQ.R4yrKRbOCU-q98RgDzO4z9IePAKw8BhQye3K0CCtLbDtJw09k0M7o37s1wrdQw4u,dev-068
69,eyJhbGciOiJIUzM4NCJ9.eyJzdWIiOiI4OCIsInJvbGUiOjEsImlhdCI6MTc4NDczMjAzMCwiZXhwIjoxNzg0ODE4NDMwfQ.0NlqYmuUR1f8tMNTvvzg8KuJ5VugqYTbxkK5FEHmLp3nOmPOEy5UE6L8IrfwFAT5,dev-069
70,eyJhbGciOiJIUzM4NCJ9.eyJzdWIiOiI4OSIsInJvbGUiOjEsImlhdCI6MTc4NDczMjAzMCwiZXhwIjoxNzg0ODE4NDMwfQ.lom3i-umpgA0Rqafin8urcYdc0jTDqY7bXcs9RokXGMyXDTARGTZKb8HfsVVAKjy,dev-070
71,eyJhbGciOiJIUzM4NCJ9.eyJzdWIiOiI5MCIsInJvbGUiOjEsImlhdCI6MTc4NDczMjAzMCwiZXhwIjoxNzg0ODE4NDMwfQ.Tnyt-rl8wNKbSIAgDjGzT4mnCPMZlK9IzF4anubwZWdY4sBn1RxUy4gRsJKzOxWT,dev-071
72,eyJhbGciOiJIUzM4NCJ9.eyJzdWIiOiI5MSIsInJvbGUiOjEsImlhdCI6MTc4NDczMjAzMCwiZXhwIjoxNzg0ODE4NDMwfQ.TR2rOq0RsQ2x5x76axRGG3agwUS346QM7HpMxVsVp3VAzz9E-Yml5xhXbf-LhGJ3,dev-072
73,eyJhbGciOiJIUzM4NCJ9.eyJzdWIiOiI5MiIsInJvbGUiOjEsImlhdCI6MTc4NDczMjAzMCwiZXhwIjoxNzg0ODE4NDMwfQ.8qdCaAJsGLGU1dUA_vsLJT3l4zNe9c0PbXLxqoNqxGxQt80xno1BpZQEzSZmhhAY,dev-073
74,eyJhbGciOiJIUzM4NCJ9.eyJzdWIiOiI5MyIsInJvbGUiOjEsImlhdCI6MTc4NDczMjAzMCwiZXhwIjoxNzg0ODE4NDMwfQ.eBuyGvwqfYxSdlzko-pwWmb5Rqip2Iy1SX04O7f-A2B_dEvWGjN8HwLuVwy9YiPE,dev-074
75,eyJhbGciOiJIUzM4NCJ9.eyJzdWIiOiI5NCIsInJvbGUiOjEsImlhdCI6MTc4NDczMjAzMCwiZXhwIjoxNzg0ODE4NDMwfQ.m0_JjapOBg-z6NIDElbYOBWRJXjK-DpX9-bMGrBoRZGIp5PY0BaOMiL4i6s6scIJ,dev-075
76,eyJhbGciOiJIUzM4NCJ9.eyJzdWIiOiI5NSIsInJvbGUiOjEsImlhdCI6MTc4NDczMjAzMCwiZXhwIjoxNzg0ODE4NDMwfQ.ZDPCKQ76svQWpNgXW2qnQKKH30Fh1GlhvVRjz_-o72Rvt6KB7ZpxI54j2JcGQFdj,dev-076
77,eyJhbGciOiJIUzM4NCJ9.eyJzdWIiOiI5NiIsInJvbGUiOjEsImlhdCI6MTc4NDczMjAzMSwiZXhwIjoxNzg0ODE4NDMxfQ.duMBShhFFobj2u9yEo2n2HKOev7ZX-kBb1EPPJkJvzZKL0bLBm1ARe5Ieu1Dhd_j,dev-077
78,eyJhbGciOiJIUzM4NCJ9.eyJzdWIiOiI5NyIsInJvbGUiOjEsImlhdCI6MTc4NDczMjAzMSwiZXhwIjoxNzg0ODE4NDMxfQ.VwXDJEQ9DE3w2l_n8MIh0EiQh-Tsh1-zW-2gtaCZiBnnQ-TQgs0wVFF9is_lvoa-,dev-078
79,eyJhbGciOiJIUzM4NCJ9.eyJzdWIiOiI5OCIsInJvbGUiOjEsImlhdCI6MTc4NDczMjAzMSwiZXhwIjoxNzg0ODE4NDMxfQ.Gu_yTZ5BglyGmxRC8M7Tx5S7sn3Sn-NwG9h0NrgpvXs-CTkr2ylSHXnZ-t9MtEzJ,dev-079
80,eyJhbGciOiJIUzM4NCJ9.eyJzdWIiOiI5OSIsInJvbGUiOjEsImlhdCI6MTc4NDczMjAzMSwiZXhwIjoxNzg0ODE4NDMxfQ.bi8clMvq2P_9H72_XO6cql2qKZh8qrKbusQ4KqruXQGdpAhlb_B89QoSzgfOCB31,dev-080
81,eyJhbGciOiJIUzM4NCJ9.eyJzdWIiOiIxMDAiLCJyb2xlIjoxLCJpYXQiOjE3ODQ3MzIwMzEsImV4cCI6MTc4NDgxODQzMX0.JKRHJ-1EnDFdH8bZba9SqPSndYeQ2_D1j2pymAVK90CDwCP6ZTaXwDkTWy7OHRGE,dev-081
82,eyJhbGciOiJIUzM4NCJ9.eyJzdWIiOiIxMDEiLCJyb2xlIjoxLCJpYXQiOjE3ODQ3MzIwMzEsImV4cCI6MTc4NDgxODQzMX0.r-UeY_JCaq1bvTFIj-fyrNjIYC74iglg9p8kO-zqx0C8uQwCHddTGWpYx9IubER4,dev-082
83,eyJhbGciOiJIUzM4NCJ9.eyJzdWIiOiIxMDIiLCJyb2xlIjoxLCJpYXQiOjE3ODQ3MzIwMzEsImV4cCI6MTc4NDgxODQzMX0.7-YEFsqhFCtEvcYW8N5sZpOfCQedDA7TOI1OG0_t_XLvooMVfBRJwOo2EkcqVbwk,dev-083
84,eyJhbGciOiJIUzM4NCJ9.eyJzdWIiOiIxMDMiLCJyb2xlIjoxLCJpYXQiOjE3ODQ3MzIwMzEsImV4cCI6MTc4NDgxODQzMX0.AF26CpC_fkb9XAAvIE8GXY4TrMQ6s01Rc-txUURoP5kyJgTwtGsSC6YOdEmaP1KB,dev-084
85,eyJhbGciOiJIUzM4NCJ9.eyJzdWIiOiIxMDQiLCJyb2xlIjoxLCJpYXQiOjE3ODQ3MzIwMzEsImV4cCI6MTc4NDgxODQzMX0.eWpGN6ChBEp4ZxQ5tymNr4nFoxmsm7QXwtFIUggJF5sBCL55F34AX1URV9ZsljVV,dev-085
86,eyJhbGciOiJIUzM4NCJ9.eyJzdWIiOiIxMDUiLCJyb2xlIjoxLCJpYXQiOjE3ODQ3MzIwMzEsImV4cCI6MTc4NDgxODQzMX0.GooADfiFo5XjoPTYywa2UXu9Feph3ZtBLsjGJEuIa-fY3cipx548OkyP5fugsb0T,dev-086
87,eyJhbGciOiJIUzM4NCJ9.eyJzdWIiOiIxMDYiLCJyb2xlIjoxLCJpYXQiOjE3ODQ3MzIwMzEsImV4cCI6MTc4NDgxODQzMX0.o7HuE_5Tgkdd7_3qu0UnsQnbDyEPdQqs9KYeE3nD832XmgzAZcih6PeT0TPdye90,dev-087
88,eyJhbGciOiJIUzM4NCJ9.eyJzdWIiOiIxMDciLCJyb2xlIjoxLCJpYXQiOjE3ODQ3MzIwMzIsImV4cCI6MTc4NDgxODQzMn0.K5Pt7XEFejyEH65X33COl9WgqQZndeQN-xC4VmBv1G-h28PUfTYEhgVN01J8x_8a,dev-088
89,eyJhbGciOiJIUzM4NCJ9.eyJzdWIiOiIxMDgiLCJyb2xlIjoxLCJpYXQiOjE3ODQ3MzIwMzIsImV4cCI6MTc4NDgxODQzMn0.fmfpXXePU0J112kXLo4w8CtnLeTOnc2p7yCJAaKD2FLpq2qUcuFnDrv_BYEZrjDu,dev-089
90,eyJhbGciOiJIUzM4NCJ9.eyJzdWIiOiIxMDkiLCJyb2xlIjoxLCJpYXQiOjE3ODQ3MzIwMzIsImV4cCI6MTc4NDgxODQzMn0.ZHXpA1HZZwVpPbtLNUAv-rHluq97mIbwAb2qQBHWQ2itZFur3er_t-n8PSbpQaVF,dev-090
91,eyJhbGciOiJIUzM4NCJ9.eyJzdWIiOiIxMTAiLCJyb2xlIjoxLCJpYXQiOjE3ODQ3MzIwMzIsImV4cCI6MTc4NDgxODQzMn0.H3z-VvpyBKH1HGr0rYYtWCDxcQCcArH_lz3sFvRjvvi5CKwLo_CXJ3SdGSbGCbyP,dev-091
92,eyJhbGciOiJIUzM4NCJ9.eyJzdWIiOiIxMTEiLCJyb2xlIjoxLCJpYXQiOjE3ODQ3MzIwMzIsImV4cCI6MTc4NDgxODQzMn0.iK9mf0hn6JJ7Si05myKhtrk635axJwls8QacpdgVIICsMbKR2j-axBasBujfGxLe,dev-092
93,eyJhbGciOiJIUzM4NCJ9.eyJzdWIiOiIxMTIiLCJyb2xlIjoxLCJpYXQiOjE3ODQ3MzIwMzIsImV4cCI6MTc4NDgxODQzMn0.3NaQdRak5stQ9nbPj8h6rr55IF4h-x4RZG6yvUT0DXLKL36IiHwF5-IaRW7UAV6N,dev-093
94,eyJhbGciOiJIUzM4NCJ9.eyJzdWIiOiIxMTMiLCJyb2xlIjoxLCJpYXQiOjE3ODQ3MzIwMzIsImV4cCI6MTc4NDgxODQzMn0.xcy2XVAmiMRb83StlgOSYoxmCvsHNlk0h7uyKGL2zidIpyQjxCOSJqzz5kGuBMsS,dev-094
95,eyJhbGciOiJIUzM4NCJ9.eyJzdWIiOiIxMTQiLCJyb2xlIjoxLCJpYXQiOjE3ODQ3MzIwMzIsImV4cCI6MTc4NDgxODQzMn0.quazf3SKiEYsz9uwAg2bm-A3Q5SD742Xb-LxaUGLUkY14bppM-8hYTZ0Yv1x-7J1,dev-095
96,eyJhbGciOiJIUzM4NCJ9.eyJzdWIiOiIxMTUiLCJyb2xlIjoxLCJpYXQiOjE3ODQ3MzIwMzIsImV4cCI6MTc4NDgxODQzMn0.5-B1lFY0I03SwI-zgOM6hkBlCIcnEytD1dLqBxKWk3FiyiYufnQVLiK5pIDID-Ig,dev-096
97,eyJhbGciOiJIUzM4NCJ9.eyJzdWIiOiIxMTYiLCJyb2xlIjoxLCJpYXQiOjE3ODQ3MzIwMzIsImV4cCI6MTc4NDgxODQzMn0.SDhHlehG5IYkPTppVejA50BuZwTc-xc0CtzxmlpLXRzzxFRdwjbJb-AZdhnUfXhT,dev-097
98,eyJhbGciOiJIUzM4NCJ9.eyJzdWIiOiIxMTciLCJyb2xlIjoxLCJpYXQiOjE3ODQ3MzIwMzIsImV4cCI6MTc4NDgxODQzMn0.wjQYzQqvRLPZSByBjw-N18wZfAYHji9f7NOMDaK5E7zRYkt5wgDsqRWDLvKorEbH,dev-098
99,eyJhbGciOiJIUzM4NCJ9.eyJzdWIiOiIxMTgiLCJyb2xlIjoxLCJpYXQiOjE3ODQ3MzIwMzIsImV4cCI6MTc4NDgxODQzMn0.3DvNYSHCNWDdjpCWp6aCpmG7dgMjKOFcIu23pkml8yF5fBHdfv9420VUPrpV3nEO,dev-099
100,eyJhbGciOiJIUzM4NCJ9.eyJzdWIiOiIxMTkiLCJyb2xlIjoxLCJpYXQiOjE3ODQ3MzIwMzMsImV4cCI6MTc4NDgxODQzM30.BrHHwAb5TE9SSxNWj9FGw3tzYdROF9KOJO0T-b6A_IkO37dD0RJ6teeBJkSZw-FF,dev-100
1,eyJhbGciOiJIUzM4NCJ9.eyJzdWIiOiIyMCIsInJvbGUiOjEsImlhdCI6MTc4NDczMjM5NCwiZXhwIjoxNzg0ODE4Nzk0fQ.106oGY9wKkY4va4xEnmKdKbcU0ol71_zFho5bEsVLq-4FMjzLavuuKr5cpgzJNQ7,dev-001
2,eyJhbGciOiJIUzM4NCJ9.eyJzdWIiOiIyMSIsInJvbGUiOjEsImlhdCI6MTc4NDczMjM5NCwiZXhwIjoxNzg0ODE4Nzk0fQ.UfDEAq7TumiiplFafUTeFHTNLdksjFZVt5mP0WcwGdJqOKWb_1wgKllaYeNzNhEc,dev-002
3,eyJhbGciOiJIUzM4NCJ9.eyJzdWIiOiIyMiIsInJvbGUiOjEsImlhdCI6MTc4NDczMjM5NCwiZXhwIjoxNzg0ODE4Nzk0fQ.usd67KDRGaz-R4lu2_zuj6OO32xOA7NT0lRz9Qml6UM4ncLRsi0hjBZFCoSO4Bk_,dev-003
4,eyJhbGciOiJIUzM4NCJ9.eyJzdWIiOiIyMyIsInJvbGUiOjEsImlhdCI6MTc4NDczMjM5NCwiZXhwIjoxNzg0ODE4Nzk0fQ.K6uF5xkKwTa8ogilsakKLQ4d14qI_jsy7L5_kJQZGPnyHbGrwBgQoVy0q7QF66WQ,dev-004
5,eyJhbGciOiJIUzM4NCJ9.eyJzdWIiOiIyNCIsInJvbGUiOjEsImlhdCI6MTc4NDczMjM5NCwiZXhwIjoxNzg0ODE4Nzk0fQ.9keG50DXU3E2Ovdt05yWgi9hDITWop4MQSJ-DFxsX6tFX-6BdU8diikZb04Iv7OA,dev-005
6,eyJhbGciOiJIUzM4NCJ9.eyJzdWIiOiIyNSIsInJvbGUiOjEsImlhdCI6MTc4NDczMjM5NCwiZXhwIjoxNzg0ODE4Nzk0fQ.ALlpsN3MKw5pbcvl_tSie6YUf58B1kj4ulZs4E56xX2Wu2KYRhmVag7NR9VGA43j,dev-006
7,eyJhbGciOiJIUzM4NCJ9.eyJzdWIiOiIyNiIsInJvbGUiOjEsImlhdCI6MTc4NDczMjM5NCwiZXhwIjoxNzg0ODE4Nzk0fQ.5V0jhJevAH0PSB_0LnXcCJll55GCCp2Q6De4lQX6gwNU4Y2RmOUp-3eKAVAzsf_i,dev-007
8,eyJhbGciOiJIUzM4NCJ9.eyJzdWIiOiIyNyIsInJvbGUiOjEsImlhdCI6MTc4NDczMjM5NCwiZXhwIjoxNzg0ODE4Nzk0fQ.c-BV17EXdOTPe1mssLfFj5-_pkprH7H8-j3MbfuG28SxmAyoSpePpQrfe1uXJGYF,dev-008
9,eyJhbGciOiJIUzM4NCJ9.eyJzdWIiOiIyOCIsInJvbGUiOjEsImlhdCI6MTc4NDczMjM5NCwiZXhwIjoxNzg0ODE4Nzk0fQ.3Gv3r5LkVbvQcfK2RA0-_ao3ddKsV6AThzt61yVylR6o2RuHY3P59coJtis1ZLdu,dev-009
10,eyJhbGciOiJIUzM4NCJ9.eyJzdWIiOiIyOSIsInJvbGUiOjEsImlhdCI6MTc4NDczMjM5NCwiZXhwIjoxNzg0ODE4Nzk0fQ.EKzb93K-7aSQ3HrlRFUkQyIDHdSYgjFKBFGhmtCcPgZCDF6qivU9umDXaDbcxtV1,dev-010
11,eyJhbGciOiJIUzM4NCJ9.eyJzdWIiOiIzMCIsInJvbGUiOjEsImlhdCI6MTc4NDczMjM5NCwiZXhwIjoxNzg0ODE4Nzk0fQ.LCmTslY2lfi2FMsKuFlRhBU22KlMqrVg9Q-37KU46o-9H7NRjSrLCncMjprfOWyn,dev-011
12,eyJhbGciOiJIUzM4NCJ9.eyJzdWIiOiIzMSIsInJvbGUiOjEsImlhdCI6MTc4NDczMjM5NSwiZXhwIjoxNzg0ODE4Nzk1fQ.izRPGRO390GEldtFy3MSSHrlNAPfRb_bBPC5uPh1jIuRgUcbNLhEwkIEk_XaEkvy,dev-012
13,eyJhbGciOiJIUzM4NCJ9.eyJzdWIiOiIzMiIsInJvbGUiOjEsImlhdCI6MTc4NDczMjM5NSwiZXhwIjoxNzg0ODE4Nzk1fQ.a5ecqMh3u_Js9wY9V9jXdpofoH3jdWlg2F84XdLmHGQ0YBpIXp5rZp2xGCK-hK1n,dev-013
14,eyJhbGciOiJIUzM4NCJ9.eyJzdWIiOiIzMyIsInJvbGUiOjEsImlhdCI6MTc4NDczMjM5NSwiZXhwIjoxNzg0ODE4Nzk1fQ.Qq_r3JSt9Z_tukUEbGQu6yiMMEoay68q5I13-q5-a1buhxSGZT0thj_TKnzhdgpC,dev-014
15,eyJhbGciOiJIUzM4NCJ9.eyJzdWIiOiIzNCIsInJvbGUiOjEsImlhdCI6MTc4NDczMjM5NSwiZXhwIjoxNzg0ODE4Nzk1fQ.4Mep95tUCV9Se4fQGSon4nD8xSBQLxAXmgKCM-ZG76BCdlEouPX_4xjdIoZkElni,dev-015
16,eyJhbGciOiJIUzM4NCJ9.eyJzdWIiOiIzNSIsInJvbGUiOjEsImlhdCI6MTc4NDczMjM5NSwiZXhwIjoxNzg0ODE4Nzk1fQ.Es5524u3sU8HbBeOo1j2kLime4NUw6UH3_csjNOrOCtieIoap3sFGR_EqgGnt-ni,dev-016
17,eyJhbGciOiJIUzM4NCJ9.eyJzdWIiOiIzNiIsInJvbGUiOjEsImlhdCI6MTc4NDczMjM5NSwiZXhwIjoxNzg0ODE4Nzk1fQ.xVtIE3sHMUj8VPI8AS655vf3wD9VNb7UqF1iynModck6a2_BJ2Xf9Xgg85ab0aHb,dev-017
18,eyJhbGciOiJIUzM4NCJ9.eyJzdWIiOiIzNyIsInJvbGUiOjEsImlhdCI6MTc4NDczMjM5NSwiZXhwIjoxNzg0ODE4Nzk1fQ.rHdRlHjtLBYM2udVLQH-X79dZzWoTUEPK45SdsdoWVq_aeaJXTUlCeDzfNVztjFm,dev-018
19,eyJhbGciOiJIUzM4NCJ9.eyJzdWIiOiIzOCIsInJvbGUiOjEsImlhdCI6MTc4NDczMjM5NSwiZXhwIjoxNzg0ODE4Nzk1fQ.XZSM-t9xXaPWMfJffwV5LvvCHtJhv0Rf0alfhqGfNBvbk7DVvrutgSQpXYkbfbMS,dev-019
20,eyJhbGciOiJIUzM4NCJ9.eyJzdWIiOiIzOSIsInJvbGUiOjEsImlhdCI6MTc4NDczMjM5NSwiZXhwIjoxNzg0ODE4Nzk1fQ.H1yDZ6DGQJKvbxrgO-PzA3sB9c4ahysEm3g4Rt6lPLqb9SLDFqW_38YkhVHevDl_,dev-020
21,eyJhbGciOiJIUzM4NCJ9.eyJzdWIiOiI0MCIsInJvbGUiOjEsImlhdCI6MTc4NDczMjM5NSwiZXhwIjoxNzg0ODE4Nzk1fQ.IW9Q-tML5q9XJag9GzfeEK01GDP4DG32U5GNjH5hAM35byUPVOhmqggd_GWpoKGv,dev-021
22,eyJhbGciOiJIUzM4NCJ9.eyJzdWIiOiI0MSIsInJvbGUiOjEsImlhdCI6MTc4NDczMjM5NSwiZXhwIjoxNzg0ODE4Nzk1fQ.N_gcLHk5J9x1-LYK2YNl_dAiJu60Z6v6QcmMWXCyCTKHlVaCKyW_h83ICqR8GL5H,dev-022
23,eyJhbGciOiJIUzM4NCJ9.eyJzdWIiOiI0MiIsInJvbGUiOjEsImlhdCI6MTc4NDczMjM5NSwiZXhwIjoxNzg0ODE4Nzk1fQ.B4ZCqpGmHNnD_JfB8NLGeijEJI2-akhq8530_In9N4zwKdREAxw2aa1YWGqZ7nya,dev-023
24,eyJhbGciOiJIUzM4NCJ9.eyJzdWIiOiI0MyIsInJvbGUiOjEsImlhdCI6MTc4NDczMjM5NiwiZXhwIjoxNzg0ODE4Nzk2fQ.MODE9CRF5tJLKfJm7ESK1c6uLJLiOfoV2URZL4UssyWYqgUJTFSjdUSGzl1PqHcC,dev-024
25,eyJhbGciOiJIUzM4NCJ9.eyJzdWIiOiI0NCIsInJvbGUiOjEsImlhdCI6MTc4NDczMjM5NiwiZXhwIjoxNzg0ODE4Nzk2fQ.x_IWmh7Zz6WpjgWtTgzu-bfSdDr-3hOz8DE4Lq-_ShM9lYPD_oDvJJqqFid-lh64,dev-025
26,eyJhbGciOiJIUzM4NCJ9.eyJzdWIiOiI0NSIsInJvbGUiOjEsImlhdCI6MTc4NDczMjM5NiwiZXhwIjoxNzg0ODE4Nzk2fQ.g1LC6oKEWn7Rp3uDpLTHaiPmDMDigfns2lGfrsgkA3PeTi7imUXre9Xo1cJ73tn2,dev-026
27,eyJhbGciOiJIUzM4NCJ9.eyJzdWIiOiI0NiIsInJvbGUiOjEsImlhdCI6MTc4NDczMjM5NiwiZXhwIjoxNzg0ODE4Nzk2fQ.5hmTjSFLRw578z709K5ftKYXnE1WS1exrGiRq_i41HtDSdAqPj7lQj4bUSBmkim9,dev-027
28,eyJhbGciOiJIUzM4NCJ9.eyJzdWIiOiI0NyIsInJvbGUiOjEsImlhdCI6MTc4NDczMjM5NiwiZXhwIjoxNzg0ODE4Nzk2fQ._GwikTgcMUicE1NFTK9HFiEI0b-TEovxbzEHZZByDgPCPhnGjCzq35lofwpFNgCR,dev-028
29,eyJhbGciOiJIUzM4NCJ9.eyJzdWIiOiI0OCIsInJvbGUiOjEsImlhdCI6MTc4NDczMjM5NiwiZXhwIjoxNzg0ODE4Nzk2fQ.oVV6KkaWu0gA0ZikYRdwKv1Y2wdXLHezmco3365lqH6njR1RNGpaqw-arpPXFmT1,dev-029
30,eyJhbGciOiJIUzM4NCJ9.eyJzdWIiOiI0OSIsInJvbGUiOjEsImlhdCI6MTc4NDczMjM5NiwiZXhwIjoxNzg0ODE4Nzk2fQ.tKERx3_0hx1hnf3VBE_623IKKzacGXGtUOvz5QmeE6-pzvMcEmx2o-rhPW1N-wnK,dev-030
31,eyJhbGciOiJIUzM4NCJ9.eyJzdWIiOiI1MCIsInJvbGUiOjEsImlhdCI6MTc4NDczMjM5NiwiZXhwIjoxNzg0ODE4Nzk2fQ.oKrmvZrknqhPGO2N7LDEsIgFFJnouq9H57VU4HLyJvhuFl-3-IQ2_Zqro5HrxSYi,dev-031
32,eyJhbGciOiJIUzM4NCJ9.eyJzdWIiOiI1MSIsInJvbGUiOjEsImlhdCI6MTc4NDczMjM5NiwiZXhwIjoxNzg0ODE4Nzk2fQ.gXMhbjPUhbroFJiJMWwqD72x0HMCGh22Pkss9rpDK5JsbbUWePj9wy54qd6rCDvH,dev-032
33,eyJhbGciOiJIUzM4NCJ9.eyJzdWIiOiI1MiIsInJvbGUiOjEsImlhdCI6MTc4NDczMjM5NiwiZXhwIjoxNzg0ODE4Nzk2fQ.b0GFoJqkxg96UVSmvudBQdvFTv5g9ffD7u46R4hA5a33yFaRDZoeaD02qqhURd2_,dev-033
34,eyJhbGciOiJIUzM4NCJ9.eyJzdWIiOiI1MyIsInJvbGUiOjEsImlhdCI6MTc4NDczMjM5NiwiZXhwIjoxNzg0ODE4Nzk2fQ.dhMgmXZrpjA2ACXQYhZ5IjyFY2AJAqFIOGw4sm45bZ9rNbLbnZBcBp5Oi4LxjZUu,dev-034
35,eyJhbGciOiJIUzM4NCJ9.eyJzdWIiOiI1NCIsInJvbGUiOjEsImlhdCI6MTc4NDczMjM5NiwiZXhwIjoxNzg0ODE4Nzk2fQ.41eb_xfyxu8PXUrhUtMOTCm0uq8n2tjnVpo7ySCiBMafKwjX12iaiMJMDI189dfi,dev-035
36,eyJhbGciOiJIUzM4NCJ9.eyJzdWIiOiI1NSIsInJvbGUiOjEsImlhdCI6MTc4NDczMjM5NiwiZXhwIjoxNzg0ODE4Nzk2fQ.4ahezYtkptJutm-MlpgAdz0yhxLTBcesltuZTW_hDvRWCwpv_CJ_t3tw1645GJJv,dev-036
37,eyJhbGciOiJIUzM4NCJ9.eyJzdWIiOiI1NiIsInJvbGUiOjEsImlhdCI6MTc4NDczMjM5NywiZXhwIjoxNzg0ODE4Nzk3fQ.CPK2lhRZXhpr8rSovh8ru2ho9Vn9KLgrQHPWWylqj_uJISHgvLgofCDd-ZxjIaij,dev-037
38,eyJhbGciOiJIUzM4NCJ9.eyJzdWIiOiI1NyIsInJvbGUiOjEsImlhdCI6MTc4NDczMjM5NywiZXhwIjoxNzg0ODE4Nzk3fQ.tbIGWcO9_vFRLaKVYHuiyRQjMkYGH7Wvlk7-V8Wcd3Jl-JOGTxDoGVbtNeIkJM9J,dev-038
39,eyJhbGciOiJIUzM4NCJ9.eyJzdWIiOiI1OCIsInJvbGUiOjEsImlhdCI6MTc4NDczMjM5NywiZXhwIjoxNzg0ODE4Nzk3fQ.jnDO2zvXm9pio2cHYGkVwVAanRKlPPgCLxE3lq2gc58on0IV85TnbMn3pm_u_RXi,dev-039
40,eyJhbGciOiJIUzM4NCJ9.eyJzdWIiOiI1OSIsInJvbGUiOjEsImlhdCI6MTc4NDczMjM5NywiZXhwIjoxNzg0ODE4Nzk3fQ.yv39v8gdrit50X1RlMwh2st4kkysrv4e9-be6xYzqsOiCe3ouorp5PvMHvqqn4I2,dev-040
41,eyJhbGciOiJIUzM4NCJ9.eyJzdWIiOiI2MCIsInJvbGUiOjEsImlhdCI6MTc4NDczMjM5NywiZXhwIjoxNzg0ODE4Nzk3fQ.5nGgvjnofjBsCfXm7EKVDpWHFyD_khTu4LX9wRQawXZgMfnqD1HP-RoUfqCfxuDt,dev-041
42,eyJhbGciOiJIUzM4NCJ9.eyJzdWIiOiI2MSIsInJvbGUiOjEsImlhdCI6MTc4NDczMjM5NywiZXhwIjoxNzg0ODE4Nzk3fQ.FoJi-amlxIcueLxY815TJoh9ZvZYxD7edaiZzceXIuwo2Lx2DyB9KX8L1Z8RwWC1,dev-042
43,eyJhbGciOiJIUzM4NCJ9.eyJzdWIiOiI2MiIsInJvbGUiOjEsImlhdCI6MTc4NDczMjM5NywiZXhwIjoxNzg0ODE4Nzk3fQ.N36JNMJsCYjp6jZU5LBaH9gSY4xcZYCbDyeRj6wVAVocxsnsjBCm_aHAe3RoLNzn,dev-043
44,eyJhbGciOiJIUzM4NCJ9.eyJzdWIiOiI2MyIsInJvbGUiOjEsImlhdCI6MTc4NDczMjM5NywiZXhwIjoxNzg0ODE4Nzk3fQ.bR5gThYpOc1zD-_Hshvuq9PUO_mn3uOzRDqn0tBtoAKbDu9Sa01jrX9wlPW0DAoo,dev-044
45,eyJhbGciOiJIUzM4NCJ9.eyJzdWIiOiI2NCIsInJvbGUiOjEsImlhdCI6MTc4NDczMjM5NywiZXhwIjoxNzg0ODE4Nzk3fQ.xwA3ncMm6aWz119NT_k0niCv19gcR-pOEJYGQZ8PmfUKt6NXLviMduw9KcCbBp6y,dev-045
46,eyJhbGciOiJIUzM4NCJ9.eyJzdWIiOiI2NSIsInJvbGUiOjEsImlhdCI6MTc4NDczMjM5NywiZXhwIjoxNzg0ODE4Nzk3fQ.tHLpIM1m9IxzkB3efz22hQIMADrSszTgWCgK2MBxo2-0tC8fBldeN1uXA59vwH67,dev-046
47,eyJhbGciOiJIUzM4NCJ9.eyJzdWIiOiI2NiIsInJvbGUiOjEsImlhdCI6MTc4NDczMjM5NywiZXhwIjoxNzg0ODE4Nzk3fQ.2sR-is1uxxoA1g877Yk4ONLbmta7u9UYXkWThQK6Lq96WXd_9qY3MlZRTMuw_Xs5,dev-047
48,eyJhbGciOiJIUzM4NCJ9.eyJzdWIiOiI2NyIsInJvbGUiOjEsImlhdCI6MTc4NDczMjM5NywiZXhwIjoxNzg0ODE4Nzk3fQ.3AeDBZaAiSsSwkuyS33hH6Spp4YfyDcdDUpx6xC4HsuYVxX8HY6bSWqhyXAKfL5h,dev-048
49,eyJhbGciOiJIUzM4NCJ9.eyJzdWIiOiI2OCIsInJvbGUiOjEsImlhdCI6MTc4NDczMjM5OCwiZXhwIjoxNzg0ODE4Nzk4fQ.tKu04NtwmIwSX6bC_lYcPe5oMyIQUJjp-hWWz0D0NLYfIruFeGxsdmE3uAIcUkdY,dev-049
50,eyJhbGciOiJIUzM4NCJ9.eyJzdWIiOiI2OSIsInJvbGUiOjEsImlhdCI6MTc4NDczMjM5OCwiZXhwIjoxNzg0ODE4Nzk4fQ.YxXGst2-KmTU3Fb920j_7UejhsG2EEPjByYzeeRbMEZexHv6pCoq0ryBqcdLQ9B8,dev-050
51,eyJhbGciOiJIUzM4NCJ9.eyJzdWIiOiI3MCIsInJvbGUiOjEsImlhdCI6MTc4NDczMjM5OCwiZXhwIjoxNzg0ODE4Nzk4fQ.F8gDTGy1DBCAV8jP-8ygBTIii4rRw8bb-wfcynOHa2ACnfi9uTiVFE2m6e_JqDUB,dev-051
52,eyJhbGciOiJIUzM4NCJ9.eyJzdWIiOiI3MSIsInJvbGUiOjEsImlhdCI6MTc4NDczMjM5OCwiZXhwIjoxNzg0ODE4Nzk4fQ.FuuRx7thujX0B_-Pjha7nq8F0tUZiM3LjxF_C0P0vZ1u_hTJ6IfcCyareRwpk80a,dev-052
53,eyJhbGciOiJIUzM4NCJ9.eyJzdWIiOiI3MiIsInJvbGUiOjEsImlhdCI6MTc4NDczMjM5OCwiZXhwIjoxNzg0ODE4Nzk4fQ.tfcfBP46vCfhBIOK5IZkiGF1i5MXeLKbHC22r19v-meEAqpdZH0DpomOL1WXRkOa,dev-053
54,eyJhbGciOiJIUzM4NCJ9.eyJzdWIiOiI3MyIsInJvbGUiOjEsImlhdCI6MTc4NDczMjM5OCwiZXhwIjoxNzg0ODE4Nzk4fQ.eCr18Dh9lljVHb24mQC8_fKm4t2ehKCSZ3e0_QXCISlUUUzICYwjWjzQYDMR6sUZ,dev-054
55,eyJhbGciOiJIUzM4NCJ9.eyJzdWIiOiI3NCIsInJvbGUiOjEsImlhdCI6MTc4NDczMjM5OCwiZXhwIjoxNzg0ODE4Nzk4fQ.ngWv6x7VCME0PPZehoG5mwYL25IIgVTzyW-LQc5aht73__mFioOGTBRT0-P7ofCh,dev-055
56,eyJhbGciOiJIUzM4NCJ9.eyJzdWIiOiI3NSIsInJvbGUiOjEsImlhdCI6MTc4NDczMjM5OCwiZXhwIjoxNzg0ODE4Nzk4fQ.lT1UB0P4qz_v9t25YHsJ7qemFIXmD6BIVZAQv5hNkk-Y8OGAqTQDYeJw7T5Su8fW,dev-056
57,eyJhbGciOiJIUzM4NCJ9.eyJzdWIiOiI3NiIsInJvbGUiOjEsImlhdCI6MTc4NDczMjM5OCwiZXhwIjoxNzg0ODE4Nzk4fQ.TWZfjuGjfCm9QWGLVQJvxqQiUEsrfB6IwZJ2VKKlDRLWo7STVgbEU104PRBMX6Ju,dev-057
58,eyJhbGciOiJIUzM4NCJ9.eyJzdWIiOiI3NyIsInJvbGUiOjEsImlhdCI6MTc4NDczMjM5OCwiZXhwIjoxNzg0ODE4Nzk4fQ.etfhYzdJ2Yn0vJhGnlzfCIkt58SaeHddgmlbTCpPPn0RIhFqPtjkA31FBOTsmr7Q,dev-058
59,eyJhbGciOiJIUzM4NCJ9.eyJzdWIiOiI3OCIsInJvbGUiOjEsImlhdCI6MTc4NDczMjM5OCwiZXhwIjoxNzg0ODE4Nzk4fQ.d36NPsyZTKcZ68_j3xVcg_HrUpHSHgvhbX_PTXXEjTpSj5k01-cHidmTa4_6VXhR,dev-059
60,eyJhbGciOiJIUzM4NCJ9.eyJzdWIiOiI3OSIsInJvbGUiOjEsImlhdCI6MTc4NDczMjM5OCwiZXhwIjoxNzg0ODE4Nzk4fQ.p7ooQrJnB6cyB-H_mhMRcDUQccjhVnF5Ooc1ldtDGXK2AYN4w6ZyUk1G6fX3XeV5,dev-060
61,eyJhbGciOiJIUzM4NCJ9.eyJzdWIiOiI4MCIsInJvbGUiOjEsImlhdCI6MTc4NDczMjM5OCwiZXhwIjoxNzg0ODE4Nzk4fQ.6a9D2KSEz70C_lZfmmxhXUBP0d_xmKeJzNuGl45BTClaxKqV1yRy2L6fdLeaoo-G,dev-061
62,eyJhbGciOiJIUzM4NCJ9.eyJzdWIiOiI4MSIsInJvbGUiOjEsImlhdCI6MTc4NDczMjM5OSwiZXhwIjoxNzg0ODE4Nzk5fQ.CERpJ9B__VNQcjC4e9RW9Hu8PicA5eXowo42XpKRPZhoDqQMb_5OfOt6BsN5igvm,dev-062
63,eyJhbGciOiJIUzM4NCJ9.eyJzdWIiOiI4MiIsInJvbGUiOjEsImlhdCI6MTc4NDczMjM5OSwiZXhwIjoxNzg0ODE4Nzk5fQ.FWWP1SBwrTcmG4OLdj4zQvfLpAFW69QUH3aYVtokQGSGR3vr_Rq80_Jg-OaLMRtb,dev-063
64,eyJhbGciOiJIUzM4NCJ9.eyJzdWIiOiI4MyIsInJvbGUiOjEsImlhdCI6MTc4NDczMjM5OSwiZXhwIjoxNzg0ODE4Nzk5fQ.ggQsYZTtMai3rYqyM_rw1E2OdxegIeKuLGAgZ3VSrMY_3Ng8V7IL00TOV4ibGgGc,dev-064
65,eyJhbGciOiJIUzM4NCJ9.eyJzdWIiOiI4NCIsInJvbGUiOjEsImlhdCI6MTc4NDczMjM5OSwiZXhwIjoxNzg0ODE4Nzk5fQ.oBaxdaEhYBh36ikuqdDJrFnd787PS8S51NXiKsw83MHND1ambx6Zq5aCHYJM3xtY,dev-065
66,eyJhbGciOiJIUzM4NCJ9.eyJzdWIiOiI4NSIsInJvbGUiOjEsImlhdCI6MTc4NDczMjM5OSwiZXhwIjoxNzg0ODE4Nzk5fQ.8dIFORU7pm1xoJBjUREaKzcupoMSYVM5mNu5mzyG4CaHseHAOeNVN2kohy7UlGOh,dev-066
67,eyJhbGciOiJIUzM4NCJ9.eyJzdWIiOiI4NiIsInJvbGUiOjEsImlhdCI6MTc4NDczMjM5OSwiZXhwIjoxNzg0ODE4Nzk5fQ.E1VTCtiUa8_y_ZyIBLLEjaooWet0wN4ilB70mmuVX7YC49KLd26LJUgEzYUl_Q9f,dev-067
68,eyJhbGciOiJIUzM4NCJ9.eyJzdWIiOiI4NyIsInJvbGUiOjEsImlhdCI6MTc4NDczMjM5OSwiZXhwIjoxNzg0ODE4Nzk5fQ.K_ZMBHnbDaRE0xaTa5RQoTgfGLE25YqZLHlaTbFQQj8VCs5lTgusu8oJr5QqWPIR,dev-068
69,eyJhbGciOiJIUzM4NCJ9.eyJzdWIiOiI4OCIsInJvbGUiOjEsImlhdCI6MTc4NDczMjM5OSwiZXhwIjoxNzg0ODE4Nzk5fQ.VOYI5_NUswa27P0rNuCUKKWs--_kcmQaP3AdTtlnfIYhrQzU-1mr5w3uXW4--lkf,dev-069
70,eyJhbGciOiJIUzM4NCJ9.eyJzdWIiOiI4OSIsInJvbGUiOjEsImlhdCI6MTc4NDczMjM5OSwiZXhwIjoxNzg0ODE4Nzk5fQ.b1UzQhxvtHZcXvlVOr54uiXefNadCtQH5sc--eZi5_JaUwgRIkSnQhhu3ZGnjtSw,dev-070
71,eyJhbGciOiJIUzM4NCJ9.eyJzdWIiOiI5MCIsInJvbGUiOjEsImlhdCI6MTc4NDczMjM5OSwiZXhwIjoxNzg0ODE4Nzk5fQ.xqJHOOjYPch0h5hnt47BA0eEgqFFDi3Zq7Ki-8Nv45AMoybHNkgbTSyV3jpcM2-L,dev-071
72,eyJhbGciOiJIUzM4NCJ9.eyJzdWIiOiI5MSIsInJvbGUiOjEsImlhdCI6MTc4NDczMjM5OSwiZXhwIjoxNzg0ODE4Nzk5fQ.2Qm32S0eP860kwNPfRdA_sP1teZxIPHCGriIMeZBqimMnStxrbsPCO0ezpr06GFL,dev-072
73,eyJhbGciOiJIUzM4NCJ9.eyJzdWIiOiI5MiIsInJvbGUiOjEsImlhdCI6MTc4NDczMjM5OSwiZXhwIjoxNzg0ODE4Nzk5fQ.w4_rVTXuZCYj9pLT7ogUq1NFNkVm0um7fVRJX49565yNjJnKXPnbzgTu-SafgYYZ,dev-073
74,eyJhbGciOiJIUzM4NCJ9.eyJzdWIiOiI5MyIsInJvbGUiOjEsImlhdCI6MTc4NDczMjQwMCwiZXhwIjoxNzg0ODE4ODAwfQ.ghzik5ID9avoerNgkWmITauMs0u2II9wrDIObrq3hAbHx9Ko09cKz0PuSu7_VhAv,dev-074
75,eyJhbGciOiJIUzM4NCJ9.eyJzdWIiOiI5NCIsInJvbGUiOjEsImlhdCI6MTc4NDczMjQwMCwiZXhwIjoxNzg0ODE4ODAwfQ.SSumKSDREVAi0noUjX-sNOMJx07oTnbBLOwtaSxaB3TjrGn03y3U5klUheJE2WuC,dev-075
76,eyJhbGciOiJIUzM4NCJ9.eyJzdWIiOiI5NSIsInJvbGUiOjEsImlhdCI6MTc4NDczMjQwMCwiZXhwIjoxNzg0ODE4ODAwfQ.fMXN1X-TlSKmMdjhdrGWTkUV7nDQ1RU3xRp1ithzgW8hdeHc97ypiXZXYVtlo-2Z,dev-076
77,eyJhbGciOiJIUzM4NCJ9.eyJzdWIiOiI5NiIsInJvbGUiOjEsImlhdCI6MTc4NDczMjQwMCwiZXhwIjoxNzg0ODE4ODAwfQ.nZK82z3qWcuYttKtihKOIq0B8YjgsRR2bn6PgjoncdoJ9UjtEPT2fNuUgtwEu2Bf,dev-077
78,eyJhbGciOiJIUzM4NCJ9.eyJzdWIiOiI5NyIsInJvbGUiOjEsImlhdCI6MTc4NDczMjQwMCwiZXhwIjoxNzg0ODE4ODAwfQ.a1c3mhSP9s3Gneau0GNQ5u9-3_bAcGwUtSWyAQmskXbIDC-kcyUVs3_I2N3hj4WM,dev-078
79,eyJhbGciOiJIUzM4NCJ9.eyJzdWIiOiI5OCIsInJvbGUiOjEsImlhdCI6MTc4NDczMjQwMCwiZXhwIjoxNzg0ODE4ODAwfQ.XIBlKzlvAPbtybkAHM3gX-yLZ8xrup2mRDXJBVGd4OozYZo_0Rj42IdN_WODAbRo,dev-079
80,eyJhbGciOiJIUzM4NCJ9.eyJzdWIiOiI5OSIsInJvbGUiOjEsImlhdCI6MTc4NDczMjQwMCwiZXhwIjoxNzg0ODE4ODAwfQ.YOEQjeZSolU5UDITCWyiqcViSGIwacZyjzNxns_t2Qsiylg8IZ49W6rVVaoKL_Aa,dev-080
81,eyJhbGciOiJIUzM4NCJ9.eyJzdWIiOiIxMDAiLCJyb2xlIjoxLCJpYXQiOjE3ODQ3MzI0MDAsImV4cCI6MTc4NDgxODgwMH0.umEcUwFG2dNUOoGTG2k3QH8ZPkmUc3g_AkSPmCfu9sIGhvfKRl9kmBfIYifcgcMw,dev-081
82,eyJhbGciOiJIUzM4NCJ9.eyJzdWIiOiIxMDEiLCJyb2xlIjoxLCJpYXQiOjE3ODQ3MzI0MDAsImV4cCI6MTc4NDgxODgwMH0.0JdU97V5XgfZ0seG9CxJXR1tofL17he0KkRmOtc8_UynADU1V7xDdO0QJwWrMM4s,dev-082
83,eyJhbGciOiJIUzM4NCJ9.eyJzdWIiOiIxMDIiLCJyb2xlIjoxLCJpYXQiOjE3ODQ3MzI0MDAsImV4cCI6MTc4NDgxODgwMH0.zpuPOX1pNG7cGunbXHQ4AWt9mMDFv5VgSBILHGtsRL_3W3UEYK6LOYn8FGRgbHX5,dev-083
84,eyJhbGciOiJIUzM4NCJ9.eyJzdWIiOiIxMDMiLCJyb2xlIjoxLCJpYXQiOjE3ODQ3MzI0MDAsImV4cCI6MTc4NDgxODgwMH0.k2dU1L4p9sfnTcjJRiRCo8HAmDi_zwZFV6NsSgiCQt8tzPHXSwzBA3QWE4r1ij6C,dev-084
85,eyJhbGciOiJIUzM4NCJ9.eyJzdWIiOiIxMDQiLCJyb2xlIjoxLCJpYXQiOjE3ODQ3MzI0MDAsImV4cCI6MTc4NDgxODgwMH0.ffNs7fvRnhVJNQrgJfjiZI28pPlv2miQqBHBO7kyr3zE05jHHiXUbdhtEqh9I03F,dev-085
86,eyJhbGciOiJIUzM4NCJ9.eyJzdWIiOiIxMDUiLCJyb2xlIjoxLCJpYXQiOjE3ODQ3MzI0MDAsImV4cCI6MTc4NDgxODgwMH0.-E-zW_zwb-QBJu10UB2IvULA9JQfvcQP5mPsPeA702CKkF2tbMHMXxkC4OhFZGsp,dev-086
87,eyJhbGciOiJIUzM4NCJ9.eyJzdWIiOiIxMDYiLCJyb2xlIjoxLCJpYXQiOjE3ODQ3MzI0MDEsImV4cCI6MTc4NDgxODgwMX0.YETFh7TMyX_X4NN7zdlCPjwAQ20MoxFkYcO1mn-GtRk-my0ivpMlWRZR3G4vcSnu,dev-087
88,eyJhbGciOiJIUzM4NCJ9.eyJzdWIiOiIxMDciLCJyb2xlIjoxLCJpYXQiOjE3ODQ3MzI0MDEsImV4cCI6MTc4NDgxODgwMX0.eMZk_rr0rhAkXZCWWEPiMNZKjuK7PYmxWlhmQiHwo33ALU3MrMKnEliCRRPis7gU,dev-088
89,eyJhbGciOiJIUzM4NCJ9.eyJzdWIiOiIxMDgiLCJyb2xlIjoxLCJpYXQiOjE3ODQ3MzI0MDEsImV4cCI6MTc4NDgxODgwMX0.8504ilC1EbxPf99l6tMsimmw8ZkakOMbiL5-B81vGRUGvGpYgEj7pd1TgVZ6Dijt,dev-089
90,eyJhbGciOiJIUzM4NCJ9.eyJzdWIiOiIxMDkiLCJyb2xlIjoxLCJpYXQiOjE3ODQ3MzI0MDEsImV4cCI6MTc4NDgxODgwMX0._ZPrklOjx5SwRoqVzKeRyyfiCBVt3-PzuV4tDUNRGVcgLA_wdbpjhquRpmEJbmrj,dev-090
91,eyJhbGciOiJIUzM4NCJ9.eyJzdWIiOiIxMTAiLCJyb2xlIjoxLCJpYXQiOjE3ODQ3MzI0MDEsImV4cCI6MTc4NDgxODgwMX0.UVW0ciIyMH6q9d17wxLAihjm3rG-iTa8KFGP5yWnM91Ai0-FoxoNbURh9ujybw0p,dev-091
92,eyJhbGciOiJIUzM4NCJ9.eyJzdWIiOiIxMTEiLCJyb2xlIjoxLCJpYXQiOjE3ODQ3MzI0MDEsImV4cCI6MTc4NDgxODgwMX0.byNWlwaNmQyQWMo1UU-IBt9Blbg7YTCiB9sd0uWN_R-jGYmVM_XDO2WE-dCloVBS,dev-092
93,eyJhbGciOiJIUzM4NCJ9.eyJzdWIiOiIxMTIiLCJyb2xlIjoxLCJpYXQiOjE3ODQ3MzI0MDEsImV4cCI6MTc4NDgxODgwMX0._ImYTDOgg6wU4Ma7v4g07JCe-1Ddwa2qY0bDh56HTJXDzaaj7td4UhiRjQdFzZpT,dev-093
94,eyJhbGciOiJIUzM4NCJ9.eyJzdWIiOiIxMTMiLCJyb2xlIjoxLCJpYXQiOjE3ODQ3MzI0MDEsImV4cCI6MTc4NDgxODgwMX0.Q5LptIRaLiclU8mDFllekfc6HrWzj_bbIr9ZVNnDMJoEe8-s1DsLkFqouifnycjh,dev-094
95,eyJhbGciOiJIUzM4NCJ9.eyJzdWIiOiIxMTQiLCJyb2xlIjoxLCJpYXQiOjE3ODQ3MzI0MDEsImV4cCI6MTc4NDgxODgwMX0.8djmn-G6O954sOHEbmPIg59Nu6c6AtvVTCtlRa4juvEalDRHrc7zcMHrj3cWUb5o,dev-095
96,eyJhbGciOiJIUzM4NCJ9.eyJzdWIiOiIxMTUiLCJyb2xlIjoxLCJpYXQiOjE3ODQ3MzI0MDEsImV4cCI6MTc4NDgxODgwMX0.OyKrsXsjj-EyrRa7Fse-c9jCtLfLpNsVD4yICbn8LM1o0i8Av97vanNBKLuPYSZm,dev-096
97,eyJhbGciOiJIUzM4NCJ9.eyJzdWIiOiIxMTYiLCJyb2xlIjoxLCJpYXQiOjE3ODQ3MzI0MDEsImV4cCI6MTc4NDgxODgwMX0.5qDJl4TTQxJcXc3MhIoqtrtWQ3XKZLAuE9fKVwiXDPFuCLUPDTgX8SufuJ8wCMK1,dev-097
98,eyJhbGciOiJIUzM4NCJ9.eyJzdWIiOiIxMTciLCJyb2xlIjoxLCJpYXQiOjE3ODQ3MzI0MDEsImV4cCI6MTc4NDgxODgwMX0.Eia9ZFNettujl_uXImdGSim1gQbcEhVbzWkjBJF1gVnwu2Y5pcglna0hfFAELzEn,dev-098
99,eyJhbGciOiJIUzM4NCJ9.eyJzdWIiOiIxMTgiLCJyb2xlIjoxLCJpYXQiOjE3ODQ3MzI0MDIsImV4cCI6MTc4NDgxODgwMn0.TMNpQyFZfB6x1uqDvqGSIBUmz4bKMyo_mHIkjAPUM_NYVTHbn8HFHGhz8GRpb0xQ,dev-099
100,eyJhbGciOiJIUzM4NCJ9.eyJzdWIiOiIxMTkiLCJyb2xlIjoxLCJpYXQiOjE3ODQ3MzI0MDIsImV4cCI6MTc4NDgxODgwMn0.KgDjychU-R1APvcS0uDCRtRfQMrdFWFu4rH-ACx5ABrVKMhLrnMEfyeO0DovNOa6,dev-100
