testuser0001,123456,1,1
testuser0002,123456,1,1
testuser0003,123456,1,1
testuser0004,123456,1,1
testuser0005,123456,1,1
testuser0006,123456,1,1
testuser0007,123456,1,1
testuser0008,123456,1,1
testuser0009,123456,1,1
testuser0010,123456,1,1
testuser0011,123456,1,1
testuser0012,123456,1,1
testuser0013,123456,1,1
testuser0014,123456,1,1
testuser0015,123456,1,1
testuser0016,123456,1,1
testuser0017,123456,1,1
testuser0018,123456,1,1
testuser0019,123456,1,1
testuser0020,123456,1,1
testuser0021,123456,1,1
testuser0022,123456,1,1
testuser0023,123456,1,1
testuser0024,123456,1,1
testuser0025,123456,1,1
testuser0026,123456,1,1
testuser0027,123456,1,1
testuser0028,123456,1,1
testuser0029,123456,1,1
testuser0030,123456,1,1
testuser0031,123456,1,1
testuser0032,123456,1,1
testuser0033,123456,1,1
testuser0034,123456,1,1
testuser0035,123456,1,1
testuser0036,123456,1,1
testuser0037,123456,1,1
testuser0038,123456,1,1
testuser0039,123456,1,1
testuser0040,123456,1,1
testuser0041,123456,1,1
testuser0042,123456,1,1
testuser0043,123456,1,1
testuser0044,123456,1,1
testuser0045,123456,1,1
testuser0046,123456,1,1
testuser0047,123456,1,1
testuser0048,123456,1,1
testuser0049,123456,1,1
testuser0050,123456,1,1
testuser0051,123456,1,1
testuser0052,123456,1,1
testuser0053,123456,1,1
testuser0054,123456,1,1
testuser0055,123456,1,1
testuser0056,123456,1,1
testuser0057,123456,1,1
testuser0058,123456,1,1
testuser0059,123456,1,1
testuser0060,123456,1,1
testuser0061,123456,1,1
testuser0062,123456,1,1
testuser0063,123456,1,1
testuser0064,123456,1,1
testuser0065,123456,1,1
testuser0066,123456,1,1
testuser0067,123456,1,1
testuser0068,123456,1,1
testuser0069,123456,1,1
testuser0070,123456,1,1
testuser0071,123456,1,1
testuser0072,123456,1,1
testuser0073,123456,1,1
testuser0074,123456,1,1
testuser0075,123456,1,1
testuser0076,123456,1,1
testuser0077,123456,1,1
testuser0078,123456,1,1
testuser0079,123456,1,1
testuser0080,123456,1,1
testuser0081,123456,1,1
testuser0082,123456,1,1
testuser0083,123456,1,1
testuser0084,123456,1,1
testuser0085,123456,1,1
testuser0086,123456,1,1
testuser0087,123456,1,1
testuser0088,123456,1,1
testuser0089,123456,1,1
testuser0090,123456,1,1
testuser0091,123456,1,1
testuser0092,123456,1,1
testuser0093,123456,1,1
testuser0094,123456,1,1
testuser0095,123456,1,1
testuser0096,123456,1,1
testuser0097,123456,1,1
testuser0098,123456,1,1
testuser0099,123456,1,1
testuser0100,123456,1,1
testuser0101,123456,1,1
testuser0102,123456,1,1
testuser0103,123456,1,1
testuser0104,123456,1,1
testuser0105,123456,1,1
testuser0106,123456,1,1
testuser0107,123456,1,1
testuser0108,123456,1,1
testuser0109,123456,1,1
testuser0110,123456,1,1
testuser0111,123456,1,1
testuser0112,123456,1,1
testuser0113,123456,1,1
testuser0114,123456,1,1
testuser0115,123456,1,1
testuser0116,123456,1,1
testuser0117,123456,1,1
testuser0118,123456,1,1
testuser0119,123456,1,1
testuser0120,123456,1,1
testuser0121,123456,1,1
testuser0122,123456,1,1
testuser0123,123456,1,1
testuser0124,123456,1,1
testuser0125,123456,1,1
testuser0126,123456,1,1
testuser0127,123456,1,1
testuser0128,123456,1,1
testuser0129,123456,1,1
testuser0130,123456,1,1
testuser0131,123456,1,1
testuser0132,123456,1,1
testuser0133,123456,1,1
testuser0134,123456,1,1
testuser0135,123456,1,1
testuser0136,123456,1,1
testuser0137,123456,1,1
testuser0138,123456,1,1
testuser0139,123456,1,1
testuser0140,123456,1,1
testuser0141,123456,1,1
testuser0142,123456,1,1
testuser0143,123456,1,1
testuser0144,123456,1,1
testuser0145,123456,1,1
testuser0146,123456,1,1
testuser0147,123456,1,1
testuser0148,123456,1,1
testuser0149,123456,1,1
testuser0150,123456,1,1
testuser0151,123456,1,1
testuser0152,123456,1,1
testuser0153,123456,1,1
testuser0154,123456,1,1
testuser0155,123456,1,1
testuser0156,123456,1,1
testuser0157,123456,1,1
testuser0158,123456,1,1
testuser0159,123456,1,1
testuser0160,123456,1,1
testuser0161,123456,1,1
testuser0162,123456,1,1
testuser0163,123456,1,1
testuser0164,123456,1,1
testuser0165,123456,1,1
testuser0166,123456,1,1
testuser0167,123456,1,1
testuser0168,123456,1,1
testuser0169,123456,1,1
testuser0170,123456,1,1
testuser0171,123456,1,1
testuser0172,123456,1,1
testuser0173,123456,1,1
testuser0174,123456,1,1
testuser0175,123456,1,1
testuser0176,123456,1,1
testuser0177,123456,1,1
testuser0178,123456,1,1
testuser0179,123456,1,1
testuser0180,123456,1,1
testuser0181,123456,1,1
testuser0182,123456,1,1
testuser0183,123456,1,1
testuser0184,123456,1,1
testuser0185,123456,1,1
testuser0186,123456,1,1
testuser0187,123456,1,1
testuser0188,123456,1,1
testuser0189,123456,1,1
testuser0190,123456,1,1
testuser0191,123456,1,1
testuser0192,123456,1,1
testuser0193,123456,1,1
testuser0194,123456,1,1
testuser0195,123456,1,1
testuser0196,123456,1,1
testuser0197,123456,1,1
testuser0198,123456,1,1
testuser0199,123456,1,1
testuser0200,123456,1,1
testuser0201,123456,1,1
testuser0202,123456,1,1
testuser0203,123456,1,1
testuser0204,123456,1,1
testuser0205,123456,1,1
testuser0206,123456,1,1
testuser0207,123456,1,1
testuser0208,123456,1,1
testuser0209,123456,1,1
testuser0210,123456,1,1
testuser0211,123456,1,1
testuser0212,123456,1,1
testuser0213,123456,1,1
testuser0214,123456,1,1
testuser0215,123456,1,1
testuser0216,123456,1,1
testuser0217,123456,1,1
testuser0218,123456,1,1
testuser0219,123456,1,1
testuser0220,123456,1,1
testuser0221,123456,1,1
testuser0222,123456,1,1
testuser0223,123456,1,1
testuser0224,123456,1,1
testuser0225,123456,1,1
testuser0226,123456,1,1
testuser0227,123456,1,1
testuser0228,123456,1,1
testuser0229,123456,1,1
testuser0230,123456,1,1
testuser0231,123456,1,1
testuser0232,123456,1,1
testuser0233,123456,1,1
testuser0234,123456,1,1
testuser0235,123456,1,1
testuser0236,123456,1,1
testuser0237,123456,1,1
testuser0238,123456,1,1
testuser0239,123456,1,1
testuser0240,123456,1,1
testuser0241,123456,1,1
testuser0242,123456,1,1
testuser0243,123456,1,1
testuser0244,123456,1,1
testuser0245,123456,1,1
testuser0246,123456,1,1
testuser0247,123456,1,1
testuser0248,123456,1,1
testuser0249,123456,1,1
testuser0250,123456,1,1
testuser0251,123456,1,1
testuser0252,123456,1,1
testuser0253,123456,1,1
testuser0254,123456,1,1
testuser0255,123456,1,1
testuser0256,123456,1,1
testuser0257,123456,1,1
testuser0258,123456,1,1
testuser0259,123456,1,1
testuser0260,123456,1,1
testuser0261,123456,1,1
testuser0262,123456,1,1
testuser0263,123456,1,1
testuser0264,123456,1,1
testuser0265,123456,1,1
testuser0266,123456,1,1
testuser0267,123456,1,1
testuser0268,123456,1,1
testuser0269,123456,1,1
testuser0270,123456,1,1
testuser0271,123456,1,1
testuser0272,123456,1,1
testuser0273,123456,1,1
testuser0274,123456,1,1
testuser0275,123456,1,1
testuser0276,123456,1,1
testuser0277,123456,1,1
testuser0278,123456,1,1
testuser0279,123456,1,1
testuser0280,123456,1,1
testuser0281,123456,1,1
testuser0282,123456,1,1
testuser0283,123456,1,1
testuser0284,123456,1,1
testuser0285,123456,1,1
testuser0286,123456,1,1
testuser0287,123456,1,1
testuser0288,123456,1,1
testuser0289,123456,1,1
testuser0290,123456,1,1
testuser0291,123456,1,1
testuser0292,123456,1,1
testuser0293,123456,1,1
testuser0294,123456,1,1
testuser0295,123456,1,1
testuser0296,123456,1,1
testuser0297,123456,1,1
testuser0298,123456,1,1
testuser0299,123456,1,1
testuser0300,123456,1,1
testuser0301,123456,1,1
testuser0302,123456,1,1
testuser0303,123456,1,1
testuser0304,123456,1,1
testuser0305,123456,1,1
testuser0306,123456,1,1
testuser0307,123456,1,1
testuser0308,123456,1,1
testuser0309,123456,1,1
testuser0310,123456,1,1
testuser0311,123456,1,1
testuser0312,123456,1,1
testuser0313,123456,1,1
testuser0314,123456,1,1
testuser0315,123456,1,1
testuser0316,123456,1,1
testuser0317,123456,1,1
testuser0318,123456,1,1
testuser0319,123456,1,1
testuser0320,123456,1,1
testuser0321,123456,1,1
testuser0322,123456,1,1
testuser0323,123456,1,1
testuser0324,123456,1,1
testuser0325,123456,1,1
testuser0326,123456,1,1
testuser0327,123456,1,1
testuser0328,123456,1,1
testuser0329,123456,1,1
testuser0330,123456,1,1
testuser0331,123456,1,1
testuser0332,123456,1,1
testuser0333,123456,1,1
testuser0334,123456,1,1
testuser0335,123456,1,1
testuser0336,123456,1,1
testuser0337,123456,1,1
testuser0338,123456,1,1
testuser0339,123456,1,1
testuser0340,123456,1,1
testuser0341,123456,1,1
testuser0342,123456,1,1
testuser0343,123456,1,1
testuser0344,123456,1,1
testuser0345,123456,1,1
testuser0346,123456,1,1
testuser0347,123456,1,1
testuser0348,123456,1,1
testuser0349,123456,1,1
testuser0350,123456,1,1
testuser0351,123456,1,1
testuser0352,123456,1,1
testuser0353,123456,1,1
testuser0354,123456,1,1
testuser0355,123456,1,1
testuser0356,123456,1,1
testuser0357,123456,1,1
testuser0358,123456,1,1
testuser0359,123456,1,1
testuser0360,123456,1,1
testuser0361,123456,1,1
testuser0362,123456,1,1
testuser0363,123456,1,1
testuser0364,123456,1,1
testuser0365,123456,1,1
testuser0366,123456,1,1
testuser0367,123456,1,1
testuser0368,123456,1,1
testuser0369,123456,1,1
testuser0370,123456,1,1
testuser0371,123456,1,1
testuser0372,123456,1,1
testuser0373,123456,1,1
testuser0374,123456,1,1
testuser0375,123456,1,1
testuser0376,123456,1,1
testuser0377,123456,1,1
testuser0378,123456,1,1
testuser0379,123456,1,1
testuser0380,123456,1,1
testuser0381,123456,1,1
testuser0382,123456,1,1
testuser0383,123456,1,1
testuser0384,123456,1,1
testuser0385,123456,1,1
testuser0386,123456,1,1
testuser0387,123456,1,1
testuser0388,123456,1,1
testuser0389,123456,1,1
testuser0390,123456,1,1
testuser0391,123456,1,1
testuser0392,123456,1,1
testuser0393,123456,1,1
testuser0394,123456,1,1
testuser0395,123456,1,1
testuser0396,123456,1,1
testuser0397,123456,1,1
testuser0398,123456,1,1
testuser0399,123456,1,1
testuser0400,123456,1,1
testuser0401,123456,1,1
testuser0402,123456,1,1
testuser0403,123456,1,1
testuser0404,123456,1,1
testuser0405,123456,1,1
testuser0406,123456,1,1
testuser0407,123456,1,1
testuser0408,123456,1,1
testuser0409,123456,1,1
testuser0410,123456,1,1
testuser0411,123456,1,1
testuser0412,123456,1,1
testuser0413,123456,1,1
testuser0414,123456,1,1
testuser0415,123456,1,1
testuser0416,123456,1,1
testuser0417,123456,1,1
testuser0418,123456,1,1
testuser0419,123456,1,1
testuser0420,123456,1,1
testuser0421,123456,1,1
testuser0422,123456,1,1
testuser0423,123456,1,1
testuser0424,123456,1,1
testuser0425,123456,1,1
testuser0426,123456,1,1
testuser0427,123456,1,1
testuser0428,123456,1,1
testuser0429,123456,1,1
testuser0430,123456,1,1
testuser0431,123456,1,1
testuser0432,123456,1,1
testuser0433,123456,1,1
testuser0434,123456,1,1
testuser0435,123456,1,1
testuser0436,123456,1,1
testuser0437,123456,1,1
testuser0438,123456,1,1
testuser0439,123456,1,1
testuser0440,123456,1,1
testuser0441,123456,1,1
testuser0442,123456,1,1
testuser0443,123456,1,1
testuser0444,123456,1,1
testuser0445,123456,1,1
testuser0446,123456,1,1
testuser0447,123456,1,1
testuser0448,123456,1,1
testuser0449,123456,1,1
testuser0450,123456,1,1
testuser0451,123456,1,1
testuser0452,123456,1,1
testuser0453,123456,1,1
testuser0454,123456,1,1
testuser0455,123456,1,1
testuser0456,123456,1,1
testuser0457,123456,1,1
testuser0458,123456,1,1
testuser0459,123456,1,1
testuser0460,123456,1,1
testuser0461,123456,1,1
testuser0462,123456,1,1
testuser0463,123456,1,1
testuser0464,123456,1,1
testuser0465,123456,1,1
testuser0466,123456,1,1
testuser0467,123456,1,1
testuser0468,123456,1,1
testuser0469,123456,1,1
testuser0470,123456,1,1
testuser0471,123456,1,1
testuser0472,123456,1,1
testuser0473,123456,1,1
testuser0474,123456,1,1
testuser0475,123456,1,1
testuser0476,123456,1,1
testuser0477,123456,1,1
testuser0478,123456,1,1
testuser0479,123456,1,1
testuser0480,123456,1,1
testuser0481,123456,1,1
testuser0482,123456,1,1
testuser0483,123456,1,1
testuser0484,123456,1,1
testuser0485,123456,1,1
testuser0486,123456,1,1
testuser0487,123456,1,1
testuser0488,123456,1,1
testuser0489,123456,1,1
testuser0490,123456,1,1
testuser0491,123456,1,1
testuser0492,123456,1,1
testuser0493,123456,1,1
testuser0494,123456,1,1
testuser0495,123456,1,1
testuser0496,123456,1,1
testuser0497,123456,1,1
testuser0498,123456,1,1
testuser0499,123456,1,1
testuser0500,123456,1,1
testuser0501,123456,1,1
testuser0502,123456,1,1
testuser0503,123456,1,1
testuser0504,123456,1,1
testuser0505,123456,1,1
testuser0506,123456,1,1
testuser0507,123456,1,1
testuser0508,123456,1,1
testuser0509,123456,1,1
testuser0510,123456,1,1
testuser0511,123456,1,1
testuser0512,123456,1,1
testuser0513,123456,1,1
testuser0514,123456,1,1
testuser0515,123456,1,1
testuser0516,123456,1,1
testuser0517,123456,1,1
testuser0518,123456,1,1
testuser0519,123456,1,1
testuser0520,123456,1,1
testuser0521,123456,1,1
testuser0522,123456,1,1
testuser0523,123456,1,1
testuser0524,123456,1,1
testuser0525,123456,1,1
testuser0526,123456,1,1
testuser0527,123456,1,1
testuser0528,123456,1,1
testuser0529,123456,1,1
testuser0530,123456,1,1
testuser0531,123456,1,1
testuser0532,123456,1,1
testuser0533,123456,1,1
testuser0534,123456,1,1
testuser0535,123456,1,1
testuser0536,123456,1,1
testuser0537,123456,1,1
testuser0538,123456,1,1
testuser0539,123456,1,1
testuser0540,123456,1,1
testuser0541,123456,1,1
testuser0542,123456,1,1
testuser0543,123456,1,1
testuser0544,123456,1,1
testuser0545,123456,1,1
testuser0546,123456,1,1
testuser0547,123456,1,1
testuser0548,123456,1,1
testuser0549,123456,1,1
testuser0550,123456,1,1
testuser0551,123456,1,1
testuser0552,123456,1,1
testuser0553,123456,1,1
testuser0554,123456,1,1
testuser0555,123456,1,1
testuser0556,123456,1,1
testuser0557,123456,1,1
testuser0558,123456,1,1
testuser0559,123456,1,1
testuser0560,123456,1,1
testuser0561,123456,1,1
testuser0562,123456,1,1
testuser0563,123456,1,1
testuser0564,123456,1,1
testuser0565,123456,1,1
testuser0566,123456,1,1
testuser0567,123456,1,1
testuser0568,123456,1,1
testuser0569,123456,1,1
testuser0570,123456,1,1
testuser0571,123456,1,1
testuser0572,123456,1,1
testuser0573,123456,1,1
testuser0574,123456,1,1
testuser0575,123456,1,1
testuser0576,123456,1,1
testuser0577,123456,1,1
testuser0578,123456,1,1
testuser0579,123456,1,1
testuser0580,123456,1,1
testuser0581,123456,1,1
testuser0582,123456,1,1
testuser0583,123456,1,1
testuser0584,123456,1,1
testuser0585,123456,1,1
testuser0586,123456,1,1
testuser0587,123456,1,1
testuser0588,123456,1,1
testuser0589,123456,1,1
testuser0590,123456,1,1
testuser0591,123456,1,1
testuser0592,123456,1,1
testuser0593,123456,1,1
testuser0594,123456,1,1
testuser0595,123456,1,1
testuser0596,123456,1,1
testuser0597,123456,1,1
testuser0598,123456,1,1
testuser0599,123456,1,1
testuser0600,123456,1,1
testuser0601,123456,1,1
testuser0602,123456,1,1
testuser0603,123456,1,1
testuser0604,123456,1,1
testuser0605,123456,1,1
testuser0606,123456,1,1
testuser0607,123456,1,1
testuser0608,123456,1,1
testuser0609,123456,1,1
testuser0610,123456,1,1
testuser0611,123456,1,1
testuser0612,123456,1,1
testuser0613,123456,1,1
testuser0614,123456,1,1
testuser0615,123456,1,1
testuser0616,123456,1,1
testuser0617,123456,1,1
testuser0618,123456,1,1
testuser0619,123456,1,1
testuser0620,123456,1,1
testuser0621,123456,1,1
testuser0622,123456,1,1
testuser0623,123456,1,1
testuser0624,123456,1,1
testuser0625,123456,1,1
testuser0626,123456,1,1
testuser0627,123456,1,1
testuser0628,123456,1,1
testuser0629,123456,1,1
testuser0630,123456,1,1
testuser0631,123456,1,1
testuser0632,123456,1,1
testuser0633,123456,1,1
testuser0634,123456,1,1
testuser0635,123456,1,1
testuser0636,123456,1,1
testuser0637,123456,1,1
testuser0638,123456,1,1
testuser0639,123456,1,1
testuser0640,123456,1,1
testuser0641,123456,1,1
testuser0642,123456,1,1
testuser0643,123456,1,1
testuser0644,123456,1,1
testuser0645,123456,1,1
testuser0646,123456,1,1
testuser0647,123456,1,1
testuser0648,123456,1,1
testuser0649,123456,1,1
testuser0650,123456,1,1
testuser0651,123456,1,1
testuser0652,123456,1,1
testuser0653,123456,1,1
testuser0654,123456,1,1
testuser0655,123456,1,1
testuser0656,123456,1,1
testuser0657,123456,1,1
testuser0658,123456,1,1
testuser0659,123456,1,1
testuser0660,123456,1,1
testuser0661,123456,1,1
testuser0662,123456,1,1
testuser0663,123456,1,1
testuser0664,123456,1,1
testuser0665,123456,1,1
testuser0666,123456,1,1
testuser0667,123456,1,1
testuser0668,123456,1,1
testuser0669,123456,1,1
testuser0670,123456,1,1
testuser0671,123456,1,1
testuser0672,123456,1,1
testuser0673,123456,1,1
testuser0674,123456,1,1
testuser0675,123456,1,1
testuser0676,123456,1,1
testuser0677,123456,1,1
testuser0678,123456,1,1
testuser0679,123456,1,1
testuser0680,123456,1,1
testuser0681,123456,1,1
testuser0682,123456,1,1
testuser0683,123456,1,1
testuser0684,123456,1,1
testuser0685,123456,1,1
testuser0686,123456,1,1
testuser0687,123456,1,1
testuser0688,123456,1,1
testuser0689,123456,1,1
testuser0690,123456,1,1
testuser0691,123456,1,1
testuser0692,123456,1,1
testuser0693,123456,1,1
testuser0694,123456,1,1
testuser0695,123456,1,1
testuser0696,123456,1,1
testuser0697,123456,1,1
testuser0698,123456,1,1
testuser0699,123456,1,1
testuser0700,123456,1,1
testuser0701,123456,1,1
testuser0702,123456,1,1
testuser0703,123456,1,1
testuser0704,123456,1,1
testuser0705,123456,1,1
testuser0706,123456,1,1
testuser0707,123456,1,1
testuser0708,123456,1,1
testuser0709,123456,1,1
testuser0710,123456,1,1
testuser0711,123456,1,1
testuser0712,123456,1,1
testuser0713,123456,1,1
testuser0714,123456,1,1
testuser0715,123456,1,1
testuser0716,123456,1,1
testuser0717,123456,1,1
testuser0718,123456,1,1
testuser0719,123456,1,1
testuser0720,123456,1,1
testuser0721,123456,1,1
testuser0722,123456,1,1
testuser0723,123456,1,1
testuser0724,123456,1,1
testuser0725,123456,1,1
testuser0726,123456,1,1
testuser0727,123456,1,1
testuser0728,123456,1,1
testuser0729,123456,1,1
testuser0730,123456,1,1
testuser0731,123456,1,1
testuser0732,123456,1,1
testuser0733,123456,1,1
testuser0734,123456,1,1
testuser0735,123456,1,1
testuser0736,123456,1,1
testuser0737,123456,1,1
testuser0738,123456,1,1
testuser0739,123456,1,1
testuser0740,123456,1,1
testuser0741,123456,1,1
testuser0742,123456,1,1
testuser0743,123456,1,1
testuser0744,123456,1,1
testuser0745,123456,1,1
testuser0746,123456,1,1
testuser0747,123456,1,1
testuser0748,123456,1,1
testuser0749,123456,1,1
testuser0750,123456,1,1
testuser0751,123456,1,1
testuser0752,123456,1,1
testuser0753,123456,1,1
testuser0754,123456,1,1
testuser0755,123456,1,1
testuser0756,123456,1,1
testuser0757,123456,1,1
testuser0758,123456,1,1
testuser0759,123456,1,1
testuser0760,123456,1,1
testuser0761,123456,1,1
testuser0762,123456,1,1
testuser0763,123456,1,1
testuser0764,123456,1,1
testuser0765,123456,1,1
testuser0766,123456,1,1
testuser0767,123456,1,1
testuser0768,123456,1,1
testuser0769,123456,1,1
testuser0770,123456,1,1
testuser0771,123456,1,1
testuser0772,123456,1,1
testuser0773,123456,1,1
testuser0774,123456,1,1
testuser0775,123456,1,1
testuser0776,123456,1,1
testuser0777,123456,1,1
testuser0778,123456,1,1
testuser0779,123456,1,1
testuser0780,123456,1,1
testuser0781,123456,1,1
testuser0782,123456,1,1
testuser0783,123456,1,1
testuser0784,123456,1,1
testuser0785,123456,1,1
testuser0786,123456,1,1
testuser0787,123456,1,1
testuser0788,123456,1,1
testuser0789,123456,1,1
testuser0790,123456,1,1
testuser0791,123456,1,1
testuser0792,123456,1,1
testuser0793,123456,1,1
testuser0794,123456,1,1
testuser0795,123456,1,1
testuser0796,123456,1,1
testuser0797,123456,1,1
testuser0798,123456,1,1
testuser0799,123456,1,1
testuser0800,123456,1,1
testuser0801,123456,1,1
testuser0802,123456,1,1
testuser0803,123456,1,1
testuser0804,123456,1,1
testuser0805,123456,1,1
testuser0806,123456,1,1
testuser0807,123456,1,1
testuser0808,123456,1,1
testuser0809,123456,1,1
testuser0810,123456,1,1
testuser0811,123456,1,1
testuser0812,123456,1,1
testuser0813,123456,1,1
testuser0814,123456,1,1
testuser0815,123456,1,1
testuser0816,123456,1,1
testuser0817,123456,1,1
testuser0818,123456,1,1
testuser0819,123456,1,1
testuser0820,123456,1,1
testuser0821,123456,1,1
testuser0822,123456,1,1
testuser0823,123456,1,1
testuser0824,123456,1,1
testuser0825,123456,1,1
testuser0826,123456,1,1
testuser0827,123456,1,1
testuser0828,123456,1,1
testuser0829,123456,1,1
testuser0830,123456,1,1
testuser0831,123456,1,1
testuser0832,123456,1,1
testuser0833,123456,1,1
testuser0834,123456,1,1
testuser0835,123456,1,1
testuser0836,123456,1,1
testuser0837,123456,1,1
testuser0838,123456,1,1
testuser0839,123456,1,1
testuser0840,123456,1,1
testuser0841,123456,1,1
testuser0842,123456,1,1
testuser0843,123456,1,1
testuser0844,123456,1,1
testuser0845,123456,1,1
testuser0846,123456,1,1
testuser0847,123456,1,1
testuser0848,123456,1,1
testuser0849,123456,1,1
testuser0850,123456,1,1
testuser0851,123456,1,1
testuser0852,123456,1,1
testuser0853,123456,1,1
testuser0854,123456,1,1
testuser0855,123456,1,1
testuser0856,123456,1,1
testuser0857,123456,1,1
testuser0858,123456,1,1
testuser0859,123456,1,1
testuser0860,123456,1,1
testuser0861,123456,1,1
testuser0862,123456,1,1
testuser0863,123456,1,1
testuser0864,123456,1,1
testuser0865,123456,1,1
testuser0866,123456,1,1
testuser0867,123456,1,1
testuser0868,123456,1,1
testuser0869,123456,1,1
testuser0870,123456,1,1
testuser0871,123456,1,1
testuser0872,123456,1,1
testuser0873,123456,1,1
testuser0874,123456,1,1
testuser0875,123456,1,1
testuser0876,123456,1,1
testuser0877,123456,1,1
testuser0878,123456,1,1
testuser0879,123456,1,1
testuser0880,123456,1,1
testuser0881,123456,1,1
testuser0882,123456,1,1
testuser0883,123456,1,1
testuser0884,123456,1,1
testuser0885,123456,1,1
testuser0886,123456,1,1
testuser0887,123456,1,1
testuser0888,123456,1,1
testuser0889,123456,1,1
testuser0890,123456,1,1
testuser0891,123456,1,1
testuser0892,123456,1,1
testuser0893,123456,1,1
testuser0894,123456,1,1
testuser0895,123456,1,1
testuser0896,123456,1,1
testuser0897,123456,1,1
testuser0898,123456,1,1
testuser0899,123456,1,1
testuser0900,123456,1,1
testuser0901,123456,1,1
testuser0902,123456,1,1
testuser0903,123456,1,1
testuser0904,123456,1,1
testuser0905,123456,1,1
testuser0906,123456,1,1
testuser0907,123456,1,1
testuser0908,123456,1,1
testuser0909,123456,1,1
testuser0910,123456,1,1
testuser0911,123456,1,1
testuser0912,123456,1,1
testuser0913,123456,1,1
testuser0914,123456,1,1
testuser0915,123456,1,1
testuser0916,123456,1,1
testuser0917,123456,1,1
testuser0918,123456,1,1
testuser0919,123456,1,1
testuser0920,123456,1,1
testuser0921,123456,1,1
testuser0922,123456,1,1
testuser0923,123456,1,1
testuser0924,123456,1,1
testuser0925,123456,1,1
testuser0926,123456,1,1
testuser0927,123456,1,1
testuser0928,123456,1,1
testuser0929,123456,1,1
testuser0930,123456,1,1
testuser0931,123456,1,1
testuser0932,123456,1,1
testuser0933,123456,1,1
testuser0934,123456,1,1
testuser0935,123456,1,1
testuser0936,123456,1,1
testuser0937,123456,1,1
testuser0938,123456,1,1
testuser0939,123456,1,1
testuser0940,123456,1,1
testuser0941,123456,1,1
testuser0942,123456,1,1
testuser0943,123456,1,1
testuser0944,123456,1,1
testuser0945,123456,1,1
testuser0946,123456,1,1
testuser0947,123456,1,1
testuser0948,123456,1,1
testuser0949,123456,1,1
testuser0950,123456,1,1
testuser0951,123456,1,1
testuser0952,123456,1,1
testuser0953,123456,1,1
testuser0954,123456,1,1
testuser0955,123456,1,1
testuser0956,123456,1,1
testuser0957,123456,1,1
testuser0958,123456,1,1
testuser0959,123456,1,1
testuser0960,123456,1,1
testuser0961,123456,1,1
testuser0962,123456,1,1
testuser0963,123456,1,1
testuser0964,123456,1,1
testuser0965,123456,1,1
testuser0966,123456,1,1
testuser0967,123456,1,1
testuser0968,123456,1,1
testuser0969,123456,1,1
testuser0970,123456,1,1
testuser0971,123456,1,1
testuser0972,123456,1,1
testuser0973,123456,1,1
testuser0974,123456,1,1
testuser0975,123456,1,1
testuser0976,123456,1,1
testuser0977,123456,1,1
testuser0978,123456,1,1
testuser0979,123456,1,1
testuser0980,123456,1,1
testuser0981,123456,1,1
testuser0982,123456,1,1
testuser0983,123456,1,1
testuser0984,123456,1,1
testuser0985,123456,1,1
testuser0986,123456,1,1
testuser0987,123456,1,1
testuser0988,123456,1,1
testuser0989,123456,1,1
testuser0990,123456,1,1
testuser0991,123456,1,1
testuser0992,123456,1,1
testuser0993,123456,1,1
testuser0994,123456,1,1
testuser0995,123456,1,1
testuser0996,123456,1,1
testuser0997,123456,1,1
testuser0998,123456,1,1
testuser0999,123456,1,1
testuser1000,123456,1,1
testuser1001,123456,1,1
testuser1002,123456,1,1
testuser1003,123456,1,1
testuser1004,123456,1,1
testuser1005,123456,1,1
testuser1006,123456,1,1
testuser1007,123456,1,1
testuser1008,123456,1,1
testuser1009,123456,1,1
testuser1010,123456,1,1
testuser1011,123456,1,1
testuser1012,123456,1,1
testuser1013,123456,1,1
testuser1014,123456,1,1
testuser1015,123456,1,1
testuser1016,123456,1,1
testuser1017,123456,1,1
testuser1018,123456,1,1
testuser1019,123456,1,1
testuser1020,123456,1,1
testuser1021,123456,1,1
testuser1022,123456,1,1
testuser1023,123456,1,1
testuser1024,123456,1,1
testuser1025,123456,1,1
testuser1026,123456,1,1
testuser1027,123456,1,1
testuser1028,123456,1,1
testuser1029,123456,1,1
testuser1030,123456,1,1
testuser1031,123456,1,1
testuser1032,123456,1,1
testuser1033,123456,1,1
testuser1034,123456,1,1
testuser1035,123456,1,1
testuser1036,123456,1,1
testuser1037,123456,1,1
testuser1038,123456,1,1
testuser1039,123456,1,1
testuser1040,123456,1,1
testuser1041,123456,1,1
testuser1042,123456,1,1
testuser1043,123456,1,1
testuser1044,123456,1,1
testuser1045,123456,1,1
testuser1046,123456,1,1
testuser1047,123456,1,1
testuser1048,123456,1,1
testuser1049,123456,1,1
testuser1050,123456,1,1
testuser1051,123456,1,1
testuser1052,123456,1,1
testuser1053,123456,1,1
testuser1054,123456,1,1
testuser1055,123456,1,1
testuser1056,123456,1,1
testuser1057,123456,1,1
testuser1058,123456,1,1
testuser1059,123456,1,1
testuser1060,123456,1,1
testuser1061,123456,1,1
testuser1062,123456,1,1
testuser1063,123456,1,1
testuser1064,123456,1,1
testuser1065,123456,1,1
testuser1066,123456,1,1
testuser1067,123456,1,1
testuser1068,123456,1,1
testuser1069,123456,1,1
testuser1070,123456,1,1
testuser1071,123456,1,1
testuser1072,123456,1,1
testuser1073,123456,1,1
testuser1074,123456,1,1
testuser1075,123456,1,1
testuser1076,123456,1,1
testuser1077,123456,1,1
testuser1078,123456,1,1
testuser1079,123456,1,1
testuser1080,123456,1,1
testuser1081,123456,1,1
testuser1082,123456,1,1
testuser1083,123456,1,1
testuser1084,123456,1,1
testuser1085,123456,1,1
testuser1086,123456,1,1
testuser1087,123456,1,1
testuser1088,123456,1,1
testuser1089,123456,1,1
testuser1090,123456,1,1
testuser1091,123456,1,1
testuser1092,123456,1,1
testuser1093,123456,1,1
testuser1094,123456,1,1
testuser1095,123456,1,1
testuser1096,123456,1,1
testuser1097,123456,1,1
testuser1098,123456,1,1
testuser1099,123456,1,1
testuser1100,123456,1,1
testuser1101,123456,1,1
testuser1102,123456,1,1
testuser1103,123456,1,1
testuser1104,123456,1,1
testuser1105,123456,1,1
testuser1106,123456,1,1
testuser1107,123456,1,1
testuser1108,123456,1,1
testuser1109,123456,1,1
testuser1110,123456,1,1
testuser1111,123456,1,1
testuser1112,123456,1,1
testuser1113,123456,1,1
testuser1114,123456,1,1
testuser1115,123456,1,1
testuser1116,123456,1,1
testuser1117,123456,1,1
testuser1118,123456,1,1
testuser1119,123456,1,1
testuser1120,123456,1,1
testuser1121,123456,1,1
testuser1122,123456,1,1
testuser1123,123456,1,1
testuser1124,123456,1,1
testuser1125,123456,1,1
testuser1126,123456,1,1
testuser1127,123456,1,1
testuser1128,123456,1,1
testuser1129,123456,1,1
testuser1130,123456,1,1
testuser1131,123456,1,1
testuser1132,123456,1,1
testuser1133,123456,1,1
testuser1134,123456,1,1
testuser1135,123456,1,1
testuser1136,123456,1,1
testuser1137,123456,1,1
testuser1138,123456,1,1
testuser1139,123456,1,1
testuser1140,123456,1,1
testuser1141,123456,1,1
testuser1142,123456,1,1
testuser1143,123456,1,1
testuser1144,123456,1,1
testuser1145,123456,1,1
testuser1146,123456,1,1
testuser1147,123456,1,1
testuser1148,123456,1,1
testuser1149,123456,1,1
testuser1150,123456,1,1
testuser1151,123456,1,1
testuser1152,123456,1,1
testuser1153,123456,1,1
testuser1154,123456,1,1
testuser1155,123456,1,1
testuser1156,123456,1,1
testuser1157,123456,1,1
testuser1158,123456,1,1
testuser1159,123456,1,1
testuser1160,123456,1,1
testuser1161,123456,1,1
testuser1162,123456,1,1
testuser1163,123456,1,1
testuser1164,123456,1,1
testuser1165,123456,1,1
testuser1166,123456,1,1
testuser1167,123456,1,1
testuser1168,123456,1,1
testuser1169,123456,1,1
testuser1170,123456,1,1
testuser1171,123456,1,1
testuser1172,123456,1,1
testuser1173,123456,1,1
testuser1174,123456,1,1
testuser1175,123456,1,1
testuser1176,123456,1,1
testuser1177,123456,1,1
testuser1178,123456,1,1
testuser1179,123456,1,1
testuser1180,123456,1,1
testuser1181,123456,1,1
testuser1182,123456,1,1
testuser1183,123456,1,1
testuser1184,123456,1,1
testuser1185,123456,1,1
testuser1186,123456,1,1
testuser1187,123456,1,1
testuser1188,123456,1,1
testuser1189,123456,1,1
testuser1190,123456,1,1
testuser1191,123456,1,1
testuser1192,123456,1,1
testuser1193,123456,1,1
testuser1194,123456,1,1
testuser1195,123456,1,1
testuser1196,123456,1,1
testuser1197,123456,1,1
testuser1198,123456,1,1
testuser1199,123456,1,1
testuser1200,123456,1,1
testuser1201,123456,1,1
testuser1202,123456,1,1
testuser1203,123456,1,1
testuser1204,123456,1,1
testuser1205,123456,1,1
testuser1206,123456,1,1
testuser1207,123456,1,1
testuser1208,123456,1,1
testuser1209,123456,1,1
testuser1210,123456,1,1
testuser1211,123456,1,1
testuser1212,123456,1,1
testuser1213,123456,1,1
testuser1214,123456,1,1
testuser1215,123456,1,1
testuser1216,123456,1,1
testuser1217,123456,1,1
testuser1218,123456,1,1
testuser1219,123456,1,1
testuser1220,123456,1,1
testuser1221,123456,1,1
testuser1222,123456,1,1
testuser1223,123456,1,1
testuser1224,123456,1,1
testuser1225,123456,1,1
testuser1226,123456,1,1
testuser1227,123456,1,1
testuser1228,123456,1,1
testuser1229,123456,1,1
testuser1230,123456,1,1
testuser1231,123456,1,1
testuser1232,123456,1,1
testuser1233,123456,1,1
testuser1234,123456,1,1
testuser1235,123456,1,1
testuser1236,123456,1,1
testuser1237,123456,1,1
testuser1238,123456,1,1
testuser1239,123456,1,1
testuser1240,123456,1,1
testuser1241,123456,1,1
testuser1242,123456,1,1
testuser1243,123456,1,1
testuser1244,123456,1,1
testuser1245,123456,1,1
testuser1246,123456,1,1
testuser1247,123456,1,1
testuser1248,123456,1,1
testuser1249,123456,1,1
testuser1250,123456,1,1
testuser1251,123456,1,1
testuser1252,123456,1,1
testuser1253,123456,1,1
testuser1254,123456,1,1
testuser1255,123456,1,1
testuser1256,123456,1,1
testuser1257,123456,1,1
testuser1258,123456,1,1
testuser1259,123456,1,1
testuser1260,123456,1,1
testuser1261,123456,1,1
testuser1262,123456,1,1
testuser1263,123456,1,1
testuser1264,123456,1,1
testuser1265,123456,1,1
testuser1266,123456,1,1
testuser1267,123456,1,1
testuser1268,123456,1,1
testuser1269,123456,1,1
testuser1270,123456,1,1
testuser1271,123456,1,1
testuser1272,123456,1,1
testuser1273,123456,1,1
testuser1274,123456,1,1
testuser1275,123456,1,1
testuser1276,123456,1,1
testuser1277,123456,1,1
testuser1278,123456,1,1
testuser1279,123456,1,1
testuser1280,123456,1,1
testuser1281,123456,1,1
testuser1282,123456,1,1
testuser1283,123456,1,1
testuser1284,123456,1,1
testuser1285,123456,1,1
testuser1286,123456,1,1
testuser1287,123456,1,1
testuser1288,123456,1,1
testuser1289,123456,1,1
testuser1290,123456,1,1
testuser1291,123456,1,1
testuser1292,123456,1,1
testuser1293,123456,1,1
testuser1294,123456,1,1
testuser1295,123456,1,1
testuser1296,123456,1,1
testuser1297,123456,1,1
testuser1298,123456,1,1
testuser1299,123456,1,1
testuser1300,123456,1,1
testuser1301,123456,1,1
testuser1302,123456,1,1
testuser1303,123456,1,1
testuser1304,123456,1,1
testuser1305,123456,1,1
testuser1306,123456,1,1
testuser1307,123456,1,1
testuser1308,123456,1,1
testuser1309,123456,1,1
testuser1310,123456,1,1
testuser1311,123456,1,1
testuser1312,123456,1,1
testuser1313,123456,1,1
testuser1314,123456,1,1
testuser1315,123456,1,1
testuser1316,123456,1,1
testuser1317,123456,1,1
testuser1318,123456,1,1
testuser1319,123456,1,1
testuser1320,123456,1,1
testuser1321,123456,1,1
testuser1322,123456,1,1
testuser1323,123456,1,1
testuser1324,123456,1,1
testuser1325,123456,1,1
testuser1326,123456,1,1
testuser1327,123456,1,1
testuser1328,123456,1,1
testuser1329,123456,1,1
testuser1330,123456,1,1
testuser1331,123456,1,1
testuser1332,123456,1,1
testuser1333,123456,1,1
testuser1334,123456,1,1
testuser1335,123456,1,1
testuser1336,123456,1,1
testuser1337,123456,1,1
testuser1338,123456,1,1
testuser1339,123456,1,1
testuser1340,123456,1,1
testuser1341,123456,1,1
testuser1342,123456,1,1
testuser1343,123456,1,1
testuser1344,123456,1,1
testuser1345,123456,1,1
testuser1346,123456,1,1
testuser1347,123456,1,1
testuser1348,123456,1,1
testuser1349,123456,1,1
testuser1350,123456,1,1
testuser1351,123456,1,1
testuser1352,123456,1,1
testuser1353,123456,1,1
testuser1354,123456,1,1
testuser1355,123456,1,1
testuser1356,123456,1,1
testuser1357,123456,1,1
testuser1358,123456,1,1
testuser1359,123456,1,1
testuser1360,123456,1,1
testuser1361,123456,1,1
testuser1362,123456,1,1
testuser1363,123456,1,1
testuser1364,123456,1,1
testuser1365,123456,1,1
testuser1366,123456,1,1
testuser1367,123456,1,1
testuser1368,123456,1,1
testuser1369,123456,1,1
testuser1370,123456,1,1
testuser1371,123456,1,1
testuser1372,123456,1,1
testuser1373,123456,1,1
testuser1374,123456,1,1
testuser1375,123456,1,1
testuser1376,123456,1,1
testuser1377,123456,1,1
testuser1378,123456,1,1
testuser1379,123456,1,1
testuser1380,123456,1,1
testuser1381,123456,1,1
testuser1382,123456,1,1
testuser1383,123456,1,1
testuser1384,123456,1,1
testuser1385,123456,1,1
testuser1386,123456,1,1
testuser1387,123456,1,1
testuser1388,123456,1,1
testuser1389,123456,1,1
testuser1390,123456,1,1
testuser1391,123456,1,1
testuser1392,123456,1,1
testuser1393,123456,1,1
testuser1394,123456,1,1
testuser1395,123456,1,1
testuser1396,123456,1,1
testuser1397,123456,1,1
testuser1398,123456,1,1
testuser1399,123456,1,1
testuser1400,123456,1,1
testuser1401,123456,1,1
testuser1402,123456,1,1
testuser1403,123456,1,1
testuser1404,123456,1,1
testuser1405,123456,1,1
testuser1406,123456,1,1
testuser1407,123456,1,1
testuser1408,123456,1,1
testuser1409,123456,1,1
testuser1410,123456,1,1
testuser1411,123456,1,1
testuser1412,123456,1,1
testuser1413,123456,1,1
testuser1414,123456,1,1
testuser1415,123456,1,1
testuser1416,123456,1,1
testuser1417,123456,1,1
testuser1418,123456,1,1
testuser1419,123456,1,1
testuser1420,123456,1,1
testuser1421,123456,1,1
testuser1422,123456,1,1
testuser1423,123456,1,1
testuser1424,123456,1,1
testuser1425,123456,1,1
testuser1426,123456,1,1
testuser1427,123456,1,1
testuser1428,123456,1,1
testuser1429,123456,1,1
testuser1430,123456,1,1
testuser1431,123456,1,1
testuser1432,123456,1,1
testuser1433,123456,1,1
testuser1434,123456,1,1
testuser1435,123456,1,1
testuser1436,123456,1,1
testuser1437,123456,1,1
testuser1438,123456,1,1
testuser1439,123456,1,1
testuser1440,123456,1,1
testuser1441,123456,1,1
testuser1442,123456,1,1
testuser1443,123456,1,1
testuser1444,123456,1,1
testuser1445,123456,1,1
testuser1446,123456,1,1
testuser1447,123456,1,1
testuser1448,123456,1,1
testuser1449,123456,1,1
testuser1450,123456,1,1
testuser1451,123456,1,1
testuser1452,123456,1,1
testuser1453,123456,1,1
testuser1454,123456,1,1
testuser1455,123456,1,1
testuser1456,123456,1,1
testuser1457,123456,1,1
testuser1458,123456,1,1
testuser1459,123456,1,1
testuser1460,123456,1,1
testuser1461,123456,1,1
testuser1462,123456,1,1
testuser1463,123456,1,1
testuser1464,123456,1,1
testuser1465,123456,1,1
testuser1466,123456,1,1
testuser1467,123456,1,1
testuser1468,123456,1,1
testuser1469,123456,1,1
testuser1470,123456,1,1
testuser1471,123456,1,1
testuser1472,123456,1,1
testuser1473,123456,1,1
testuser1474,123456,1,1
testuser1475,123456,1,1
testuser1476,123456,1,1
testuser1477,123456,1,1
testuser1478,123456,1,1
testuser1479,123456,1,1
testuser1480,123456,1,1
testuser1481,123456,1,1
testuser1482,123456,1,1
testuser1483,123456,1,1
testuser1484,123456,1,1
testuser1485,123456,1,1
testuser1486,123456,1,1
testuser1487,123456,1,1
testuser1488,123456,1,1
testuser1489,123456,1,1
testuser1490,123456,1,1
testuser1491,123456,1,1
testuser1492,123456,1,1
testuser1493,123456,1,1
testuser1494,123456,1,1
testuser1495,123456,1,1
testuser1496,123456,1,1
testuser1497,123456,1,1
testuser1498,123456,1,1
testuser1499,123456,1,1
testuser1500,123456,1,1
testuser1501,123456,1,1
testuser1502,123456,1,1
testuser1503,123456,1,1
testuser1504,123456,1,1
testuser1505,123456,1,1
testuser1506,123456,1,1
testuser1507,123456,1,1
testuser1508,123456,1,1
testuser1509,123456,1,1
testuser1510,123456,1,1
testuser1511,123456,1,1
testuser1512,123456,1,1
testuser1513,123456,1,1
testuser1514,123456,1,1
testuser1515,123456,1,1
testuser1516,123456,1,1
testuser1517,123456,1,1
testuser1518,123456,1,1
testuser1519,123456,1,1
testuser1520,123456,1,1
testuser1521,123456,1,1
testuser1522,123456,1,1
testuser1523,123456,1,1
testuser1524,123456,1,1
testuser1525,123456,1,1
testuser1526,123456,1,1
testuser1527,123456,1,1
testuser1528,123456,1,1
testuser1529,123456,1,1
testuser1530,123456,1,1
testuser1531,123456,1,1
testuser1532,123456,1,1
testuser1533,123456,1,1
testuser1534,123456,1,1
testuser1535,123456,1,1
testuser1536,123456,1,1
testuser1537,123456,1,1
testuser1538,123456,1,1
testuser1539,123456,1,1
testuser1540,123456,1,1
testuser1541,123456,1,1
testuser1542,123456,1,1
testuser1543,123456,1,1
testuser1544,123456,1,1
testuser1545,123456,1,1
testuser1546,123456,1,1
testuser1547,123456,1,1
testuser1548,123456,1,1
testuser1549,123456,1,1
testuser1550,123456,1,1
testuser1551,123456,1,1
testuser1552,123456,1,1
testuser1553,123456,1,1
testuser1554,123456,1,1
testuser1555,123456,1,1
testuser1556,123456,1,1
testuser1557,123456,1,1
testuser1558,123456,1,1
testuser1559,123456,1,1
testuser1560,123456,1,1
testuser1561,123456,1,1
testuser1562,123456,1,1
testuser1563,123456,1,1
testuser1564,123456,1,1
testuser1565,123456,1,1
testuser1566,123456,1,1
testuser1567,123456,1,1
testuser1568,123456,1,1
testuser1569,123456,1,1
testuser1570,123456,1,1
testuser1571,123456,1,1
testuser1572,123456,1,1
testuser1573,123456,1,1
testuser1574,123456,1,1
testuser1575,123456,1,1
testuser1576,123456,1,1
testuser1577,123456,1,1
testuser1578,123456,1,1
testuser1579,123456,1,1
testuser1580,123456,1,1
testuser1581,123456,1,1
testuser1582,123456,1,1
testuser1583,123456,1,1
testuser1584,123456,1,1
testuser1585,123456,1,1
testuser1586,123456,1,1
testuser1587,123456,1,1
testuser1588,123456,1,1
testuser1589,123456,1,1
testuser1590,123456,1,1
testuser1591,123456,1,1
testuser1592,123456,1,1
testuser1593,123456,1,1
testuser1594,123456,1,1
testuser1595,123456,1,1
testuser1596,123456,1,1
testuser1597,123456,1,1
testuser1598,123456,1,1
testuser1599,123456,1,1
testuser1600,123456,1,1
testuser1601,123456,1,1
testuser1602,123456,1,1
testuser1603,123456,1,1
testuser1604,123456,1,1
testuser1605,123456,1,1
testuser1606,123456,1,1
testuser1607,123456,1,1
testuser1608,123456,1,1
testuser1609,123456,1,1
testuser1610,123456,1,1
testuser1611,123456,1,1
testuser1612,123456,1,1
testuser1613,123456,1,1
testuser1614,123456,1,1
testuser1615,123456,1,1
testuser1616,123456,1,1
testuser1617,123456,1,1
testuser1618,123456,1,1
testuser1619,123456,1,1
testuser1620,123456,1,1
testuser1621,123456,1,1
testuser1622,123456,1,1
testuser1623,123456,1,1
testuser1624,123456,1,1
testuser1625,123456,1,1
testuser1626,123456,1,1
testuser1627,123456,1,1
testuser1628,123456,1,1
testuser1629,123456,1,1
testuser1630,123456,1,1
testuser1631,123456,1,1
testuser1632,123456,1,1
testuser1633,123456,1,1
testuser1634,123456,1,1
testuser1635,123456,1,1
testuser1636,123456,1,1
testuser1637,123456,1,1
testuser1638,123456,1,1
testuser1639,123456,1,1
testuser1640,123456,1,1
testuser1641,123456,1,1
testuser1642,123456,1,1
testuser1643,123456,1,1
testuser1644,123456,1,1
testuser1645,123456,1,1
testuser1646,123456,1,1
testuser1647,123456,1,1
testuser1648,123456,1,1
testuser1649,123456,1,1
testuser1650,123456,1,1
testuser1651,123456,1,1
testuser1652,123456,1,1
testuser1653,123456,1,1
testuser1654,123456,1,1
testuser1655,123456,1,1
testuser1656,123456,1,1
testuser1657,123456,1,1
testuser1658,123456,1,1
testuser1659,123456,1,1
testuser1660,123456,1,1
testuser1661,123456,1,1
testuser1662,123456,1,1
testuser1663,123456,1,1
testuser1664,123456,1,1
testuser1665,123456,1,1
testuser1666,123456,1,1
testuser1667,123456,1,1
testuser1668,123456,1,1
testuser1669,123456,1,1
testuser1670,123456,1,1
testuser1671,123456,1,1
testuser1672,123456,1,1
testuser1673,123456,1,1
testuser1674,123456,1,1
testuser1675,123456,1,1
testuser1676,123456,1,1
testuser1677,123456,1,1
testuser1678,123456,1,1
testuser1679,123456,1,1
testuser1680,123456,1,1
testuser1681,123456,1,1
testuser1682,123456,1,1
testuser1683,123456,1,1
testuser1684,123456,1,1
testuser1685,123456,1,1
testuser1686,123456,1,1
testuser1687,123456,1,1
testuser1688,123456,1,1
testuser1689,123456,1,1
testuser1690,123456,1,1
testuser1691,123456,1,1
testuser1692,123456,1,1
testuser1693,123456,1,1
testuser1694,123456,1,1
testuser1695,123456,1,1
testuser1696,123456,1,1
testuser1697,123456,1,1
testuser1698,123456,1,1
testuser1699,123456,1,1
testuser1700,123456,1,1
testuser1701,123456,1,1
testuser1702,123456,1,1
testuser1703,123456,1,1
testuser1704,123456,1,1
testuser1705,123456,1,1
testuser1706,123456,1,1
testuser1707,123456,1,1
testuser1708,123456,1,1
testuser1709,123456,1,1
testuser1710,123456,1,1
testuser1711,123456,1,1
testuser1712,123456,1,1
testuser1713,123456,1,1
testuser1714,123456,1,1
testuser1715,123456,1,1
testuser1716,123456,1,1
testuser1717,123456,1,1
testuser1718,123456,1,1
testuser1719,123456,1,1
testuser1720,123456,1,1
testuser1721,123456,1,1
testuser1722,123456,1,1
testuser1723,123456,1,1
testuser1724,123456,1,1
testuser1725,123456,1,1
testuser1726,123456,1,1
testuser1727,123456,1,1
testuser1728,123456,1,1
testuser1729,123456,1,1
testuser1730,123456,1,1
testuser1731,123456,1,1
testuser1732,123456,1,1
testuser1733,123456,1,1
testuser1734,123456,1,1
testuser1735,123456,1,1
testuser1736,123456,1,1
testuser1737,123456,1,1
testuser1738,123456,1,1
testuser1739,123456,1,1
testuser1740,123456,1,1
testuser1741,123456,1,1
testuser1742,123456,1,1
testuser1743,123456,1,1
testuser1744,123456,1,1
testuser1745,123456,1,1
testuser1746,123456,1,1
testuser1747,123456,1,1
testuser1748,123456,1,1
testuser1749,123456,1,1
testuser1750,123456,1,1
testuser1751,123456,1,1
testuser1752,123456,1,1
testuser1753,123456,1,1
testuser1754,123456,1,1
testuser1755,123456,1,1
testuser1756,123456,1,1
testuser1757,123456,1,1
testuser1758,123456,1,1
testuser1759,123456,1,1
testuser1760,123456,1,1
testuser1761,123456,1,1
testuser1762,123456,1,1
testuser1763,123456,1,1
testuser1764,123456,1,1
testuser1765,123456,1,1
testuser1766,123456,1,1
testuser1767,123456,1,1
testuser1768,123456,1,1
testuser1769,123456,1,1
testuser1770,123456,1,1
testuser1771,123456,1,1
testuser1772,123456,1,1
testuser1773,123456,1,1
testuser1774,123456,1,1
testuser1775,123456,1,1
testuser1776,123456,1,1
testuser1777,123456,1,1
testuser1778,123456,1,1
testuser1779,123456,1,1
testuser1780,123456,1,1
testuser1781,123456,1,1
testuser1782,123456,1,1
testuser1783,123456,1,1
testuser1784,123456,1,1
testuser1785,123456,1,1
testuser1786,123456,1,1
testuser1787,123456,1,1
testuser1788,123456,1,1
testuser1789,123456,1,1
testuser1790,123456,1,1
testuser1791,123456,1,1
testuser1792,123456,1,1
testuser1793,123456,1,1
testuser1794,123456,1,1
testuser1795,123456,1,1
testuser1796,123456,1,1
testuser1797,123456,1,1
testuser1798,123456,1,1
testuser1799,123456,1,1
testuser1800,123456,1,1
testuser1801,123456,1,1
testuser1802,123456,1,1
testuser1803,123456,1,1
testuser1804,123456,1,1
testuser1805,123456,1,1
testuser1806,123456,1,1
testuser1807,123456,1,1
testuser1808,123456,1,1
testuser1809,123456,1,1
testuser1810,123456,1,1
testuser1811,123456,1,1
testuser1812,123456,1,1
testuser1813,123456,1,1
testuser1814,123456,1,1
testuser1815,123456,1,1
testuser1816,123456,1,1
testuser1817,123456,1,1
testuser1818,123456,1,1
testuser1819,123456,1,1
testuser1820,123456,1,1
testuser1821,123456,1,1
testuser1822,123456,1,1
testuser1823,123456,1,1
testuser1824,123456,1,1
testuser1825,123456,1,1
testuser1826,123456,1,1
testuser1827,123456,1,1
testuser1828,123456,1,1
testuser1829,123456,1,1
testuser1830,123456,1,1
testuser1831,123456,1,1
testuser1832,123456,1,1
testuser1833,123456,1,1
testuser1834,123456,1,1
testuser1835,123456,1,1
testuser1836,123456,1,1
testuser1837,123456,1,1
testuser1838,123456,1,1
testuser1839,123456,1,1
testuser1840,123456,1,1
testuser1841,123456,1,1
testuser1842,123456,1,1
testuser1843,123456,1,1
testuser1844,123456,1,1
testuser1845,123456,1,1
testuser1846,123456,1,1
testuser1847,123456,1,1
testuser1848,123456,1,1
testuser1849,123456,1,1
testuser1850,123456,1,1
testuser1851,123456,1,1
testuser1852,123456,1,1
testuser1853,123456,1,1
testuser1854,123456,1,1
testuser1855,123456,1,1
testuser1856,123456,1,1
testuser1857,123456,1,1
testuser1858,123456,1,1
testuser1859,123456,1,1
testuser1860,123456,1,1
testuser1861,123456,1,1
testuser1862,123456,1,1
testuser1863,123456,1,1
testuser1864,123456,1,1
testuser1865,123456,1,1
testuser1866,123456,1,1
testuser1867,123456,1,1
testuser1868,123456,1,1
testuser1869,123456,1,1
testuser1870,123456,1,1
testuser1871,123456,1,1
testuser1872,123456,1,1
testuser1873,123456,1,1
testuser1874,123456,1,1
testuser1875,123456,1,1
testuser1876,123456,1,1
testuser1877,123456,1,1
testuser1878,123456,1,1
testuser1879,123456,1,1
testuser1880,123456,1,1
testuser1881,123456,1,1
testuser1882,123456,1,1
testuser1883,123456,1,1
testuser1884,123456,1,1
testuser1885,123456,1,1
testuser1886,123456,1,1
testuser1887,123456,1,1
testuser1888,123456,1,1
testuser1889,123456,1,1
testuser1890,123456,1,1
testuser1891,123456,1,1
testuser1892,123456,1,1
testuser1893,123456,1,1
testuser1894,123456,1,1
testuser1895,123456,1,1
testuser1896,123456,1,1
testuser1897,123456,1,1
testuser1898,123456,1,1
testuser1899,123456,1,1
testuser1900,123456,1,1
testuser1901,123456,1,1
testuser1902,123456,1,1
testuser1903,123456,1,1
testuser1904,123456,1,1
testuser1905,123456,1,1
testuser1906,123456,1,1
testuser1907,123456,1,1
testuser1908,123456,1,1
testuser1909,123456,1,1
testuser1910,123456,1,1
testuser1911,123456,1,1
testuser1912,123456,1,1
testuser1913,123456,1,1
testuser1914,123456,1,1
testuser1915,123456,1,1
testuser1916,123456,1,1
testuser1917,123456,1,1
testuser1918,123456,1,1
testuser1919,123456,1,1
testuser1920,123456,1,1
testuser1921,123456,1,1
testuser1922,123456,1,1
testuser1923,123456,1,1
testuser1924,123456,1,1
testuser1925,123456,1,1
testuser1926,123456,1,1
testuser1927,123456,1,1
testuser1928,123456,1,1
testuser1929,123456,1,1
testuser1930,123456,1,1
testuser1931,123456,1,1
testuser1932,123456,1,1
testuser1933,123456,1,1
testuser1934,123456,1,1
testuser1935,123456,1,1
testuser1936,123456,1,1
testuser1937,123456,1,1
testuser1938,123456,1,1
testuser1939,123456,1,1
testuser1940,123456,1,1
testuser1941,123456,1,1
testuser1942,123456,1,1
testuser1943,123456,1,1
testuser1944,123456,1,1
testuser1945,123456,1,1
testuser1946,123456,1,1
testuser1947,123456,1,1
testuser1948,123456,1,1
testuser1949,123456,1,1
testuser1950,123456,1,1
testuser1951,123456,1,1
testuser1952,123456,1,1
testuser1953,123456,1,1
testuser1954,123456,1,1
testuser1955,123456,1,1
testuser1956,123456,1,1
testuser1957,123456,1,1
testuser1958,123456,1,1
testuser1959,123456,1,1
testuser1960,123456,1,1
testuser1961,123456,1,1
testuser1962,123456,1,1
testuser1963,123456,1,1
testuser1964,123456,1,1
testuser1965,123456,1,1
testuser1966,123456,1,1
testuser1967,123456,1,1
testuser1968,123456,1,1
testuser1969,123456,1,1
testuser1970,123456,1,1
testuser1971,123456,1,1
testuser1972,123456,1,1
testuser1973,123456,1,1
testuser1974,123456,1,1
testuser1975,123456,1,1
testuser1976,123456,1,1
testuser1977,123456,1,1
testuser1978,123456,1,1
testuser1979,123456,1,1
testuser1980,123456,1,1
testuser1981,123456,1,1
testuser1982,123456,1,1
testuser1983,123456,1,1
testuser1984,123456,1,1
testuser1985,123456,1,1
testuser1986,123456,1,1
testuser1987,123456,1,1
testuser1988,123456,1,1
testuser1989,123456,1,1
testuser1990,123456,1,1
testuser1991,123456,1,1
testuser1992,123456,1,1
testuser1993,123456,1,1
testuser1994,123456,1,1
testuser1995,123456,1,1
testuser1996,123456,1,1
testuser1997,123456,1,1
testuser1998,123456,1,1
testuser1999,123456,1,1
testuser2000,123456,1,1
